{"loss": 0.22742867469787598, "_timestamp": 1660488913.1375296, "_runtime": 225.90310549736023, "_step": 399, "gradients/fc4.bias": {"_type": "histogram", "values": [1.0, 0.0, 0.0, 0.0, 0.0, 0.0, 0.0, 0.0, 0.0, 0.0, 0.0, 0.0, 0.0, 0.0, 0.0, 0.0, 0.0, 0.0, 0.0, 0.0, 0.0, 0.0, 0.0, 0.0, 0.0, 0.0, 0.0, 0.0, 0.0, 0.0, 0.0, 0.0, 0.0, 0.0, 0.0, 0.0, 0.0, 0.0, 0.0, 0.0, 0.0, 0.0, 0.0, 0.0, 0.0, 0.0, 0.0, 0.0, 0.0, 0.0, 0.0, 0.0, 0.0, 0.0, 0.0, 0.0, 0.0, 0.0, 0.0, 0.0, 0.0, 0.0, 0.0, 1.0], "bins": [-0.2068483531475067, -0.20038434863090515, -0.1939203292131424, -0.18745632469654083, -0.18099230527877808, -0.1745283007621765, -0.16806429624557495, -0.1616002768278122, -0.15513625741004944, -0.14867225289344788, -0.14220823347568512, -0.13574422895908356, -0.1292802095413208, -0.12281620502471924, -0.11635219305753708, -0.10988818109035492, -0.10342417657375336, -0.0969601646065712, -0.09049615263938904, -0.08403214812278748, -0.07756812870502472, -0.07110412418842316, -0.064640112221241, -0.05817610025405884, -0.051712095737457275, -0.045248083770275116, -0.03878407180309296, -0.032320063561201096, -0.025856051594018936, -0.019392039626836777, -0.012928031384944916, -0.006464019417762756, 0.0, 0.006464011035859585, 0.01292802207171917, 0.01939203217625618, 0.02585604414343834, 0.0323200561106205, 0.03878406435251236, 0.04524807631969452, 0.051712095737457275, 0.058176107704639435, 0.0646401196718216, 0.07110412418842316, 0.07756814360618591, 0.08403214812278748, 0.09049616008996964, 0.0969601720571518, 0.10342417657375336, 0.10988818854093552, 0.11635220050811768, 0.12281620502471924, 0.129280224442482, 0.13574422895908356, 0.1422082483768463, 0.14867225289344788, 0.15513625741004944, 0.161600261926651, 0.16806428134441376, 0.17452828586101532, 0.18099230527877808, 0.18745630979537964, 0.1939203143119812, 0.20038433372974396, 0.2068483531475067]}, "gradients/fc4.weight": {"_type": "histogram", "values": [1.0, 0.0, 0.0, 1.0, 0.0, 0.0, 0.0, 0.0, 0.0, 2.0, 0.0, 0.0, 2.0, 0.0, 0.0, 1.0, 2.0, 0.0, 1.0, 0.0, 0.0, 4.0, 1.0, 1.0, 4.0, 2.0, 2.0, 4.0, 2.0, 5.0, 4.0, 6.0, 44.0, 4.0, 5.0, 2.0, 4.0, 2.0, 2.0, 4.0, 1.0, 1.0, 4.0, 0.0, 0.0, 1.0, 0.0, 2.0, 1.0, 0.0, 0.0, 2.0, 0.0, 0.0, 2.0, 0.0, 0.0, 0.0, 0.0, 0.0, 1.0, 0.0, 0.0, 1.0], "bins": [-0.03401994705200195, -0.03295682370662689, -0.03189370036125183, -0.03083057701587677, -0.02976745367050171, -0.028704330325126648, -0.027641206979751587, -0.026578083634376526, -0.025514960289001465, -0.024451836943626404, -0.023388713598251343, -0.022325590252876282, -0.02126246690750122, -0.02019934356212616, -0.0191362202167511, -0.018073096871376038, -0.017009973526000977, -0.015946850180625916, -0.014883726835250854, -0.013820603489875793, -0.012757480144500732, -0.011694356799125671, -0.01063123345375061, -0.00956811010837555, -0.008504986763000488, -0.007441863417625427, -0.006378740072250366, -0.005315616726875305, -0.004252493381500244, -0.003189370036125183, -0.002126246690750122, -0.001063123345375061, 0.0, 0.001063123345375061, 0.002126246690750122, 0.003189370036125183, 0.004252493381500244, 0.005315616726875305, 0.006378740072250366, 0.007441863417625427, 0.008504986763000488, 0.00956811010837555, 0.01063123345375061, 0.011694356799125671, 0.012757480144500732, 0.013820603489875793, 0.014883726835250854, 0.015946850180625916, 0.017009973526000977, 0.018073096871376038, 0.0191362202167511, 0.02019934356212616, 0.02126246690750122, 0.022325590252876282, 0.023388713598251343, 0.024451836943626404, 0.025514960289001465, 0.026578083634376526, 0.027641206979751587, 0.028704330325126648, 0.02976745367050171, 0.03083057701587677, 0.03189370036125183, 0.03295682370662689, 0.03401994705200195]}, "gradients/fc3.bias": {"_type": "histogram", "values": [2.0, 0.0, 0.0, 0.0, 0.0, 0.0, 1.0, 0.0, 0.0, 0.0, 0.0, 0.0, 0.0, 0.0, 0.0, 0.0, 1.0, 1.0, 0.0, 1.0, 0.0, 0.0, 0.0, 0.0, 1.0, 0.0, 2.0, 0.0, 2.0, 0.0, 1.0, 1.0, 0.0, 0.0, 0.0, 0.0, 1.0, 4.0, 2.0, 6.0, 26.0, 1.0, 0.0, 1.0, 4.0, 0.0, 0.0, 2.0, 0.0, 0.0, 0.0, 1.0, 0.0, 0.0, 0.0, 0.0, 0.0, 0.0, 1.0, 0.0, 1.0, 0.0, 0.0, 1.0], "bins": [-0.08533890545368195, -0.08320716768503189, -0.08107543736696243, -0.07894369959831238, -0.07681196928024292, -0.07468023151159286, -0.07254849374294281, -0.07041676342487335, -0.0682850256562233, -0.06615328788757324, -0.06402155756950378, -0.06188981980085373, -0.05975808575749397, -0.057626351714134216, -0.05549461394548416, -0.053362879902124405, -0.05123114585876465, -0.04909941181540489, -0.046967677772045135, -0.04483594000339508, -0.042704205960035324, -0.04057247191667557, -0.03844073414802551, -0.036309000104665756, -0.034177266061306, -0.03204553201794624, -0.029913796111941338, -0.027782060205936432, -0.025650326162576675, -0.02351859211921692, -0.021386856213212013, -0.019255120307207108, -0.01712338626384735, -0.01499165128916502, -0.012859916314482689, -0.010728181339800358, -0.008596446365118027, -0.006464711390435696, -0.0043329764157533646, -0.0022012414410710335, -6.950646638870239e-05, 0.0020622285082936287, 0.00419396348297596, 0.006325698457658291, 0.008457433432340622, 0.010589168407022953, 0.012720903381705284, 0.014852638356387615, 0.016984373331069946, 0.019116107374429703, 0.02124784328043461, 0.023379579186439514, 0.02551131322979927, 0.027643047273159027, 0.029774783179163933, 0.03190651908516884, 0.034038253128528595, 0.03616998717188835, 0.03830172121524811, 0.04043345898389816, 0.04256519302725792, 0.044696927070617676, 0.04682866483926773, 0.04896039888262749, 0.051092132925987244]}, "gradients/fc3.weight": {"_type": "histogram", "values": [1.0, 0.0, 0.0, 1.0, 0.0, 0.0, 0.0, 2.0, 0.0, 1.0, 1.0, 1.0, 2.0, 3.0, 4.0, 4.0, 3.0, 5.0, 9.0, 5.0, 9.0, 11.0, 15.0, 16.0, 25.0, 31.0, 35.0, 34.0, 48.0, 65.0, 76.0, 107.0, 7168.0, 96.0, 57.0, 57.0, 52.0, 51.0, 34.0, 31.0, 29.0, 13.0, 14.0, 15.0, 8.0, 5.0, 14.0, 3.0, 8.0, 3.0, 4.0, 3.0, 2.0, 1.0, 2.0, 0.0, 1.0, 2.0, 0.0, 1.0, 2.0, 0.0, 0.0, 2.0], "bins": [-0.02787020057439804, -0.027012253180146217, -0.026154305785894394, -0.02529635839164257, -0.024438410997390747, -0.023580463603138924, -0.0227225162088871, -0.021864568814635277, -0.021006621420383453, -0.02014867402613163, -0.019290726631879807, -0.018432779237627983, -0.01757483184337616, -0.016716884449124336, -0.015858937054872513, -0.01500098966062069, -0.014143042266368866, -0.013285094872117043, -0.012427147477865219, -0.011569200083613396, -0.010711252689361572, -0.009853305295109749, -0.008995357900857925, -0.008137410506606102, -0.0072794631123542786, -0.006421515718102455, -0.005563568323850632, -0.004705620929598808, -0.003847673535346985, -0.0029897261410951614, -0.002131778746843338, -0.0012738313525915146, -0.00041588395833969116, 0.00044206343591213226, 0.0013000108301639557, 0.002157958224415779, 0.0030159056186676025, 0.003873853012919426, 0.004731800407171249, 0.005589747801423073, 0.006447695195674896, 0.00730564258992672, 0.008163589984178543, 0.009021537378430367, 0.00987948477268219, 0.010737432166934013, 0.011595379561185837, 0.01245332695543766, 0.013311274349689484, 0.014169221743941307, 0.01502716913819313, 0.015885116532444954, 0.016743063926696777, 0.0176010113209486, 0.018458958715200424, 0.019316906109452248, 0.02017485350370407, 0.021032800897955894, 0.021890748292207718, 0.02274869568645954, 0.023606643080711365, 0.024464590474963188, 0.02532253786921501, 0.026180485263466835, 0.02703843265771866]}, "gradients/fc2.bias": {"_type": "histogram", "values": [1.0, 0.0, 1.0, 0.0, 0.0, 0.0, 0.0, 0.0, 0.0, 1.0, 0.0, 2.0, 0.0, 1.0, 1.0, 0.0, 0.0, 1.0, 0.0, 1.0, 0.0, 2.0, 2.0, 0.0, 1.0, 0.0, 1.0, 1.0, 93.0, 4.0, 0.0, 0.0, 0.0, 1.0, 0.0, 1.0, 0.0, 0.0, 0.0, 3.0, 0.0, 2.0, 0.0, 1.0, 0.0, 2.0, 0.0, 0.0, 0.0, 1.0, 1.0, 0.0, 0.0, 0.0, 0.0, 2.0, 0.0, 0.0, 0.0, 0.0, 0.0, 0.0, 0.0, 1.0],