{"loss": 0.23514941334724426, "_timestamp": 1660488557.2200289, "_runtime": 134.55187797546387, "_step": 399, "gradients/fc4.bias": {"_type": "histogram", "values": [1.0, 0.0, 0.0, 0.0, 0.0, 0.0, 0.0, 0.0, 0.0, 0.0, 0.0, 0.0, 0.0, 0.0, 0.0, 0.0, 0.0, 0.0, 0.0, 0.0, 0.0, 0.0, 0.0, 0.0, 0.0, 0.0, 0.0, 0.0, 0.0, 0.0, 0.0, 0.0, 0.0, 0.0, 0.0, 0.0, 0.0, 0.0, 0.0, 0.0, 0.0, 0.0, 0.0, 0.0, 0.0, 0.0, 0.0, 0.0, 0.0, 0.0, 0.0, 0.0, 0.0, 0.0, 0.0, 0.0, 0.0, 0.0, 0.0, 0.0, 0.0, 0.0, 0.0, 1.0], "bins": [-0.22471736371517181, -0.217694953083992, -0.210672527551651, -0.2036501169204712, -0.1966276913881302, -0.18960528075695038, -0.18258285522460938, -0.17556044459342957, -0.16853801906108856, -0.16151560842990875, -0.15449318289756775, -0.14747077226638794, -0.14044834673404694, -0.13342593610286713, -0.12640351057052612, -0.11938109993934631, -0.11235868185758591, -0.1053362637758255, -0.0983138456940651, -0.09129142761230469, -0.08426900953054428, -0.07724659144878387, -0.07022418081760406, -0.06320175528526306, -0.05617934465408325, -0.049156926572322845, -0.04213450849056244, -0.03511209040880203, -0.028089674189686775, -0.021067257970571518, -0.014044839888811111, -0.007022421807050705, 0.0, 0.007022417616099119, 0.014044835232198238, 0.02106725238263607, 0.028089670464396477, 0.035112086683511734, 0.04213450476527214, 0.04915692284703255, 0.05617934465408325, 0.06320176273584366, 0.07022418081760406, 0.07724659889936447, 0.08426901698112488, 0.09129142761230469, 0.09831385314464569, 0.1053362637758255, 0.11235868185758591, 0.11938109993934631, 0.12640351057052612, 0.13342593610286713, 0.14044834673404694, 0.14747077226638794, 0.15449318289756775, 0.16151560842990875, 0.16853801906108856, 0.17556042969226837, 0.18258285522460938, 0.18960526585578918, 0.1966276913881302, 0.20365010201931, 0.210672527551651, 0.2176949381828308, 0.22471736371517181]}, "gradients/fc4.weight": {"_type": "histogram", "values": [1.0, 0.0, 0.0, 0.0, 1.0, 0.0, 0.0, 0.0, 0.0, 0.0, 0.0, 0.0, 0.0, 0.0, 1.0, 0.0, 0.0, 0.0, 0.0, 1.0, 1.0, 0.0, 0.0, 0.0, 1.0, 1.0, 0.0, 1.0, 1.0, 2.0, 5.0, 7.0, 89.0, 5.0, 2.0, 1.0, 1.0, 0.0, 1.0, 1.0, 0.0, 0.0, 0.0, 1.0, 1.0, 0.0, 0.0, 0.0, 0.0, 1.0, 0.0, 0.0, 0.0, 0.0, 0.0, 0.0, 0.0, 0.0, 0.0, 1.0, 0.0, 0.0, 0.0, 1.0], "bins": [-0.10916879773139954, -0.10575727373361588, -0.10234574973583221, -0.09893422573804855, -0.09552270174026489, -0.09211117029190063, -0.08869964629411697, -0.08528812229633331, -0.08187659829854965, -0.07846507430076599, -0.07505355030298233, -0.07164202630519867, -0.06823049485683441, -0.06481897830963135, -0.06140744686126709, -0.05799592286348343, -0.05458439886569977, -0.05117287486791611, -0.047761350870132446, -0.04434982314705849, -0.040938299149274826, -0.037526775151491165, -0.034115247428417206, -0.030703723430633545, -0.027292199432849884, -0.023880675435066223, -0.020469149574637413, -0.017057623714208603, -0.013646099716424942, -0.010234575718641281, -0.006823049858212471, -0.003411523997783661, 0.0, 0.0034115249291062355, 0.006823049858212471, 0.010234574787318707, 0.013646099716424942, 0.017057623714208603, 0.020469149574637413, 0.023880675435066223, 0.027292199432849884, 0.030703723430633545, 0.034115247428417206, 0.037526775151491165, 0.040938299149274826, 0.04434982314705849, 0.047761350870132446, 0.05117287486791611, 0.05458439886569977, 0.05799592286348343, 0.06140744686126709, 0.06481897085905075, 0.06823049485683441, 0.07164202630519867, 0.07505355030298233, 0.07846507430076599, 0.08187659829854965, 0.08528812229633331, 0.08869964629411697, 0.09211117029190063, 0.09552270174026489, 0.09893421828746796, 0.10234574973583221, 0.10575727373361588, 0.10916879773139954]}, "gradients/fc3.bias": {"_type": "histogram", "values": [1.0, 0.0, 0.0, 0.0, 0.0, 0.0, 0.0, 0.0, 0.0, 0.0, 0.0, 0.0, 0.0, 0.0, 1.0, 0.0, 1.0, 0.0, 0.0, 0.0, 0.0, 2.0, 0.0, 1.0, 0.0, 0.0, 0.0, 0.0, 0.0, 0.0, 0.0, 0.0, 0.0, 0.0, 1.0, 0.0, 0.0, 0.0, 0.0, 0.0, 0.0, 1.0, 0.0, 0.0, 1.0, 0.0, 1.0, 0.0, 2.0, 2.0, 0.0, 0.0, 0.0, 0.0, 2.0, 42.0, 1.0, 0.0, 0.0, 1.0, 1.0, 1.0, 0.0, 2.0], "bins": [-0.04090247303247452, -0.04016931727528572, -0.039436157792806625, -0.03870300203561783, -0.03796984255313873, -0.037236686795949936, -0.03650353103876114, -0.03577037155628204, -0.035037215799093246, -0.03430406004190445, -0.033570900559425354, -0.03283774480223656, -0.03210458531975746, -0.031371429562568665, -0.03063827194273472, -0.029905114322900772, -0.029171958565711975, -0.02843880094587803, -0.027705643326044083, -0.026972487568855286, -0.02623932994902134, -0.025506172329187393, -0.024773014709353447, -0.0240398570895195, -0.023306699469685555, -0.02257354184985161, -0.021840384230017662, -0.021107228472828865, -0.02037407085299492, -0.019640913233160973, -0.018907755613327026, -0.01817459985613823, -0.017441442236304283, -0.016708284616470337, -0.01597512699663639, -0.015241970308125019, -0.014508813619613647, -0.013775655999779701, -0.013042498379945755, -0.012309341691434383, -0.011576185002923012, -0.010843027383089066, -0.010109870694577694, -0.009376713074743748, -0.008643556386232376, -0.00791039876639843, -0.007177241612225771, -0.006444084458053112, -0.005710926838219166, -0.004977769684046507, -0.004244612529873848, -0.0035114551428705454, -0.0027782979886978865, -0.0020451408345252275, -0.001311983447521925, -0.000578826293349266, 0.00015433086082339287, 0.0008874880732037127, 0.0016206452855840325, 0.0023538025561720133, 0.003086959710344672, 0.003820116864517331, 0.004553274251520634, 0.005286431405693293, 0.0060195885598659515]}, "gradients/fc3.weight": {"_type": "histogram", "values": [1.0, 0.0, 0.0, 0.0, 0.0, 0.0, 0.0, 1.0, 0.0, 0.0, 1.0, 0.0, 0.0, 0.0, 0.0, 0.0, 0.0, 0.0, 0.0, 0.0, 0.0, 0.0, 1.0, 0.0, 3.0, 1.0, 1.0, 2.0, 1.0, 2.0, 0.0, 1.0, 3.0, 0.0, 2.0, 1.0, 1.0, 1.0, 1.0, 6.0, 7.0, 7.0, 3.0, 5.0, 5.0, 7.0, 12.0, 9.0, 12.0, 19.0, 12.0, 18.0, 30.0, 51.0, 62.0, 98.0, 213.0, 7453.0, 73.0, 34.0, 22.0, 6.0, 2.0, 2.0], "bins": [-0.12650136649608612, -0.12429124116897583, -0.12208111584186554, -0.11987099051475525, -0.11766086518764496, -0.11545073986053467, -0.11324061453342438, -0.11103048920631409, -0.1088203638792038, -0.1066102385520935, -0.10440011322498322, -0.10218998789787292, -0.09997986257076263, -0.09776973724365234, -0.09555961191654205, -0.09334948658943176, -0.09113935381174088, -0.08892922848463058, -0.0867191031575203, -0.08450897783041, -0.08229885250329971, -0.08008872717618942, -0.07787860184907913, -0.07566846907138824, -0.07345834374427795, -0.07124821841716766, -0.06903809309005737, -0.06682796776294708, -0.06461784243583679, -0.0624077171087265, -0.06019758805632591, -0.05798746272921562, -0.05577734112739563, -0.05356721580028534, -0.05135709047317505, -0.04914696514606476, -0.04693683981895447, -0.04472671449184418, -0.04251658543944359, -0.0403064601123333, -0.03809633478522301, -0.03588620945811272, -0.033676084131002426, -0.031465958803892136, -0.029255831614136696, -0.027045706287026405, -0.024835579097270966, -0.022625453770160675, -0.020415328443050385, -0.018205203115940094, -0.015995077788829803, -0.013784950599074364, -0.011574825271964073, -0.009364699944853783, -0.0071545736864209175, -0.004944447427988052, -0.002734322100877762, -0.000524196308106184, 0.0016859294846653938, 0.0038960552774369717, 0.0061061810702085495, 0.00831630639731884, 0.010526432655751705, 0.01273655891418457, 0.01494668424129486]}, "gradients/fc2.bias": {"_type": "histogram", "values": [1.0, 0.0, 0.0, 0.0, 0.0, 0.0, 0.0, 0.0, 0.0, 1.0, 0.0, 0.0, 1.0, 0.0, 0.0, 0.0, 0.0, 0.0, 0.0, 0.0, 1.0, 0.0, 1.0, 2.0, 1.0, 0.0, 0.0, 0.0, 0.0, 1.0, 1.0, 3.0, 2.0, 0.0, 1.0, 1.0, 0.0, 0.0, 2.0, 1.0, 1.0, 2.0, 8.0, 67.0, 3.0, 2.0, 3.0, 1.0, 2.0, 2.0, 1.0, 5.0, 0.0, 0.0, 2.0, 1.0, 0.0, 0.0, 2.0, 0.0, 1.0, 3.0, 1.0, 1.0],