{"loss": 0.23020382225513458, "_timestamp": 1660488871.8657424, "_runtime": 275.5505313873291, "_step": 367, "gradients/fc4.bias": {"_type": "histogram", "values": [1.0, 0.0, 0.0, 0.0, 0.0, 0.0, 0.0, 0.0, 0.0, 0.0, 0.0, 0.0, 0.0, 0.0, 0.0, 0.0, 0.0, 0.0, 0.0, 0.0, 0.0, 0.0, 0.0, 0.0, 0.0, 0.0, 0.0, 0.0, 0.0, 0.0, 0.0, 0.0, 0.0, 0.0, 0.0, 0.0, 0.0, 0.0, 0.0, 0.0, 0.0, 0.0, 0.0, 0.0, 0.0, 0.0, 0.0, 0.0, 0.0, 0.0, 0.0, 0.0, 0.0, 0.0, 0.0, 0.0, 0.0, 0.0, 0.0, 0.0, 0.0, 0.0, 0.0, 1.0], "bins": [-0.2273111790418625, -0.22020770609378815, -0.2131042331457138, -0.20600076019763947, -0.19889728724956512, -0.1917937994003296, -0.18469032645225525, -0.1775868535041809, -0.17048338055610657, -0.16337990760803223, -0.15627643465995789, -0.14917296171188354, -0.1420694887638092, -0.13496601581573486, -0.12786254286766052, -0.12075905501842499, -0.11365558952093124, -0.1065521165728569, -0.09944864362478256, -0.09234516322612762, -0.08524169027805328, -0.07813821732997894, -0.0710347443819046, -0.06393127143383026, -0.05682779848575592, -0.04972432553768158, -0.04262084886431694, -0.0355173759162426, -0.02841390110552311, -0.02131042629480362, -0.014206953346729279, -0.007103476673364639, 0.0, 0.007103474345058203, 0.014206948690116405, 0.02131042256951332, 0.02841389738023281, 0.0355173721909523, 0.04262084513902664, 0.04972432181239128, 0.05682779848575592, 0.06393127143383026, 0.0710347443819046, 0.07813821732997894, 0.08524169772863388, 0.09234517067670822, 0.09944864362478256, 0.1065521240234375, 0.11365558952093124, 0.12075906246900558, 0.12786254286766052, 0.13496601581573486, 0.1420694887638092, 0.14917296171188354, 0.15627643465995789, 0.16337990760803223, 0.17048338055610657, 0.1775868535041809, 0.18469032645225525, 0.1917937994003296, 0.19889727234840393, 0.20600074529647827, 0.2131042182445526, 0.22020770609378815, 0.2273111790418625]}, "gradients/fc4.weight": {"_type": "histogram", "values": [1.0, 0.0, 0.0, 0.0, 0.0, 0.0, 0.0, 0.0, 0.0, 0.0, 0.0, 0.0, 0.0, 0.0, 0.0, 0.0, 0.0, 1.0, 0.0, 2.0, 0.0, 0.0, 0.0, 0.0, 2.0, 2.0, 0.0, 0.0, 0.0, 5.0, 3.0, 13.0, 83.0, 3.0, 5.0, 0.0, 0.0, 0.0, 2.0, 2.0, 0.0, 0.0, 0.0, 0.0, 2.0, 0.0, 1.0, 0.0, 0.0, 0.0, 0.0, 0.0, 0.0, 0.0, 0.0, 0.0, 0.0, 0.0, 0.0, 0.0, 0.0, 0.0, 0.0, 1.0], "bins": [-0.19094792008399963, -0.18498079478740692, -0.1790136694908142, -0.1730465590953827, -0.16707943379878998, -0.16111230850219727, -0.15514518320560455, -0.14917805790901184, -0.14321094751358032, -0.1372438222169876, -0.1312766969203949, -0.12530958652496338, -0.11934246122837067, -0.11337533593177795, -0.10740821063518524, -0.10144108533859253, -0.09547396004199982, -0.0895068347454071, -0.08353971689939499, -0.07757259160280228, -0.07160547375679016, -0.06563834846019745, -0.059671223163604736, -0.05370410159230232, -0.04773697257041931, -0.0417698509991169, -0.035802729427814484, -0.02983560413122177, -0.023868482559919357, -0.017901360988616943, -0.011934235692024231, -0.005967114120721817, 0.0, 0.0059671225026249886, 0.011934245005249977, 0.01790136843919754, 0.023868490010499954, 0.029835611581802368, 0.03580273687839508, 0.041769858449697495, 0.04773697257041931, 0.053704094141721725, 0.05967121571302414, 0.06563834100961685, 0.07160545885562897, 0.07757258415222168, 0.08353970944881439, 0.0895068347454071, 0.09547396004199982, 0.10144108533859253, 0.10740820318460464, 0.11337532848119736, 0.11934244632720947, 0.12530957162380219, 0.1312766969203949, 0.1372438222169876, 0.14321094751358032, 0.14917807281017303, 0.15514519810676575, 0.16111230850219727, 0.16707943379878998, 0.1730465590953827, 0.1790136843919754, 0.18498080968856812, 0.19094792008399963]}, "gradients/fc3.bias": {"_type": "histogram", "values": [1.0, 0.0, 0.0, 0.0, 0.0, 0.0, 0.0, 0.0, 0.0, 0.0, 0.0, 0.0, 0.0, 0.0, 0.0, 0.0, 0.0, 0.0, 0.0, 0.0, 0.0, 0.0, 0.0, 1.0, 0.0, 0.0, 1.0, 0.0, 0.0, 0.0, 0.0, 0.0, 0.0, 1.0, 1.0, 2.0, 0.0, 1.0, 2.0, 0.0, 2.0, 0.0, 0.0, 1.0, 3.0, 37.0, 1.0, 1.0, 1.0, 1.0, 3.0, 0.0, 1.0, 0.0, 0.0, 0.0, 0.0, 0.0, 0.0, 1.0, 0.0, 0.0, 1.0, 1.0], "bins": [-0.048137858510017395, -0.047075577080249786, -0.04601329192519188, -0.04495101049542427, -0.04388872906565666, -0.042826443910598755, -0.041764162480831146, -0.04070188105106354, -0.03963959962129593, -0.03857731819152832, -0.03751503303647041, -0.036452751606702805, -0.035390470176935196, -0.03432818502187729, -0.03326590359210968, -0.03220362216234207, -0.031141337007284164, -0.030079053714871407, -0.029016772285103798, -0.02795448899269104, -0.02689220756292343, -0.025829924270510674, -0.024767640978097916, -0.023705359548330307, -0.02264307625591755, -0.02158079296350479, -0.020518511533737183, -0.019456228241324425, -0.018393944948911667, -0.017331663519144058, -0.0162693802267313, -0.015207097865641117, -0.014144811779260635, -0.013082529418170452, -0.012020247057080269, -0.010957963764667511, -0.009895681403577328, -0.008833399042487144, -0.007771116215735674, -0.006708833388984203, -0.00564655102789402, -0.004584268666803837, -0.0035219858400523663, -0.0024597032461315393, -0.0013974206522107124, -0.0003351382911205292, 0.0007271445356309414, 0.001789427362382412, 0.002851709723472595, 0.0039139920845627785, 0.004976274911314249, 0.00603855773806572, 0.007100840099155903, 0.008163122460246086, 0.009225405752658844, 0.010287688113749027, 0.01134997047483921, 0.012412252835929394, 0.013474535197019577, 0.014536818489432335, 0.015599100850522518, 0.0166613832116127, 0.01772366650402546, 0.018785949796438217, 0.019848231226205826]}, "gradients/fc3.weight": {"_type": "histogram", "values": [1.0, 0.0, 1.0, 1.0, 0.0, 0.0, 0.0, 0.0, 1.0, 0.0, 1.0, 0.0, 0.0, 0.0, 0.0, 0.0, 0.0, 0.0, 1.0, 3.0, 2.0, 1.0, 3.0, 2.0, 2.0, 1.0, 2.0, 1.0, 4.0, 4.0, 4.0, 13.0, 6.0, 3.0, 14.0, 22.0, 24.0, 52.0, 7849.0, 89.0, 26.0, 17.0, 11.0, 8.0, 4.0, 5.0, 0.0, 1.0, 3.0, 2.0, 2.0, 1.0, 0.0, 1.0, 0.0, 1.0, 1.0, 0.0, 1.0, 0.0, 0.0, 0.0, 0.0, 1.0], "bins": [-0.16814590990543365, -0.16379716992378235, -0.15944842994213104, -0.15509968996047974, -0.15075094997882843, -0.14640220999717712, -0.142053484916687, -0.1377047449350357, -0.1333560049533844, -0.1290072649717331, -0.12465852499008179, -0.12030978500843048, -0.11596105247735977, -0.11161231249570847, -0.10726357251405716, -0.10291483253240585, -0.09856609255075455, -0.09421735256910324, -0.08986861258745193, -0.08551988005638123, -0.08117114007472992, -0.07682240009307861, -0.07247366011142731, -0.068124920129776, -0.0637761801481247, -0.05942744016647339, -0.05507870391011238, -0.050729963928461075, -0.04638122767210007, -0.04203248769044876, -0.037683747708797455, -0.03333500772714615, -0.028986267745494843, -0.024637529626488686, -0.02028879150748253, -0.015940051525831223, -0.011591313406825066, -0.007242575287818909, -0.0028938353061676025, 0.0014549028128385544, 0.005803637206554413, 0.01015237532556057, 0.014501114375889301, 0.018849853426218033, 0.02319859154522419, 0.027547329664230347, 0.03189606964588165, 0.03624480962753296, 0.040593549609184265, 0.04494228959083557, 0.04929102584719658, 0.053639765828847885, 0.05798850208520889, 0.0623372420668602, 0.0666859820485115, 0.07103472203016281, 0.07538345456123352, 0.07973219454288483, 0.08408093452453613, 0.08842967450618744, 0.09277840703725815, 0.09712714701890945, 0.10147588700056076, 0.10582462698221207, 0.11017336696386337]}, "gradients/fc2.bias": {"_type": "histogram", "values": [1.0, 0.0, 0.0, 0.0, 0.0, 0.0, 0.0, 0.0, 0.0, 0.0, 0.0, 1.0, 0.0, 0.0, 0.0, 0.0, 1.0, 0.0, 0.0, 0.0, 1.0, 0.0, 1.0, 2.0, 0.0, 0.0, 0.0, 0.0, 0.0, 2.0, 0.0, 0.0, 0.0, 0.0, 1.0, 1.0, 0.0, 0.0, 0.0, 1.0, 3.0, 0.0, 1.0, 2.0, 3.0, 0.0, 95.0, 1.0, 3.0, 0.0, 0.0, 0.0, 1.0, 0.0, 0.0, 1.0, 0.0, 1.0, 0.0, 1.0, 0.0, 2.0, 1.0, 1.0],