{"loss": 0.21607132256031036, "_timestamp": 1660488556.5370164, "_runtime": 134.5568733215332, "_step": 399, "gradients/fc4.bias": {"_type": "histogram", "values": [1.0, 0.0, 0.0, 0.0, 0.0, 0.0, 0.0, 0.0, 0.0, 0.0, 0.0, 0.0, 0.0, 0.0, 0.0, 0.0, 0.0, 0.0, 0.0, 0.0, 0.0, 0.0, 0.0, 0.0, 0.0, 0.0, 0.0, 0.0, 0.0, 0.0, 0.0, 0.0, 0.0, 0.0, 0.0, 0.0, 0.0, 0.0, 0.0, 0.0, 0.0, 0.0, 0.0, 0.0, 0.0, 0.0, 0.0, 0.0, 0.0, 0.0, 0.0, 0.0, 0.0, 0.0, 0.0, 0.0, 0.0, 0.0, 0.0, 0.0, 0.0, 0.0, 0.0, 1.0], "bins": [-0.19046148657798767, -0.18450956046581268, -0.1785576492547989, -0.1726057231426239, -0.1666537970304489, -0.16070187091827393, -0.15474995970726013, -0.14879803359508514, -0.14284610748291016, -0.13689418137073517, -0.13094227015972137, -0.12499034404754639, -0.1190384179353714, -0.11308649927377701, -0.10713458061218262, -0.10118265450000763, -0.09523074328899384, -0.08927882462739944, -0.08332689851522446, -0.07737497985363007, -0.07142305374145508, -0.06547113507986069, -0.059519216418266296, -0.05356729403138161, -0.047615379095077515, -0.041663456708192825, -0.035711534321308136, -0.029759615659713745, -0.023807693272829056, -0.017855770885944366, -0.011903852224349976, -0.005951929837465286, 0.0, 0.005951921455562115, 0.01190384291112423, 0.01785576343536377, 0.02380768582224846, 0.029759608209133148, 0.03571152687072754, 0.04166344925761223, 0.047615379095077515, 0.053567301481962204, 0.05951922386884689, 0.06547114253044128, 0.07142306864261627, 0.07737498730421066, 0.08332690596580505, 0.08927883207798004, 0.09523074328899384, 0.10118266195058823, 0.10713458806276321, 0.1130865067243576, 0.11903843283653259, 0.12499035149812698, 0.13094227015972137, 0.13689419627189636, 0.14284610748291016, 0.14879803359508514, 0.15474994480609894, 0.16070187091827393, 0.1666537970304489, 0.1726057231426239, 0.1785576343536377, 0.18450956046581268, 0.19046148657798767]}, "gradients/fc4.weight": {"_type": "histogram", "values": [1.0, 0.0, 2.0, 1.0, 0.0, 2.0, 1.0, 3.0, 2.0, 2.0, 0.0, 0.0, 2.0, 2.0, 2.0, 1.0, 1.0, 1.0, 0.0, 0.0, 1.0, 1.0, 0.0, 1.0, 2.0, 4.0, 1.0, 1.0, 4.0, 3.0, 2.0, 12.0, 30.0, 2.0, 3.0, 4.0, 1.0, 1.0, 4.0, 2.0, 1.0, 0.0, 1.0, 1.0, 0.0, 0.0, 1.0, 1.0, 1.0, 2.0, 2.0, 2.0, 0.0, 0.0, 2.0, 2.0, 3.0, 1.0, 2.0, 0.0, 1.0, 2.0, 0.0, 1.0], "bins": [-0.11405458301305771, -0.11049037426710129, -0.10692617297172546, -0.10336196422576904, -0.09979776293039322, -0.0962335541844368, -0.09266935288906097, -0.08910514414310455, -0.08554093539714813, -0.08197672665119171, -0.07841252535581589, -0.07484831660985947, -0.07128411531448364, -0.06771990656852722, -0.0641556978225708, -0.06059149652719498, -0.057027291506528854, -0.05346308648586273, -0.04989888146519661, -0.04633467644453049, -0.042770467698574066, -0.039206262677907944, -0.03564205765724182, -0.0320778489112854, -0.028513647615909576, -0.024949442595243454, -0.021385235711932182, -0.01782103069126606, -0.014256824739277363, -0.010692618787288666, -0.007128413766622543, -0.0035642068833112717, 0.0, 0.0035642057191580534, 0.007128411438316107, 0.010692616924643517, 0.014256822876632214, 0.01782102882862091, 0.021385233849287033, 0.024949440732598305, 0.028513647615909576, 0.0320778526365757, 0.03564205765724182, 0.03920626640319824, 0.042770471423864365, 0.04633467644453049, 0.04989888146519661, 0.05346308648586273, 0.057027291506528854, 0.06059149652719498, 0.0641557052731514, 0.06771990656852722, 0.07128411531448364, 0.07484832406044006, 0.07841252535581589, 0.08197673410177231, 0.08554093539714813, 0.08910514414310455, 0.09266934543848038, 0.0962335541844368, 0.09979775547981262, 0.10336196422576904, 0.10692617297172546, 0.11049037426710129, 0.11405458301305771]}, "gradients/fc3.bias": {"_type": "histogram", "values": [1.0, 0.0, 0.0, 0.0, 0.0, 0.0, 0.0, 0.0, 0.0, 0.0, 0.0, 0.0, 0.0, 0.0, 0.0, 0.0, 0.0, 0.0, 0.0, 1.0, 0.0, 0.0, 0.0, 0.0, 0.0, 0.0, 0.0, 0.0, 1.0, 0.0, 0.0, 0.0, 0.0, 0.0, 1.0, 0.0, 1.0, 0.0, 0.0, 0.0, 0.0, 1.0, 0.0, 1.0, 1.0, 2.0, 2.0, 3.0, 1.0, 3.0, 2.0, 27.0, 4.0, 1.0, 2.0, 0.0, 0.0, 0.0, 0.0, 0.0, 2.0, 2.0, 1.0, 4.0], "bins": [-0.1690775454044342, -0.1657964140176773, -0.1625152826309204, -0.1592341512441635, -0.15595301985740662, -0.15267188847064972, -0.14939075708389282, -0.14610962569713593, -0.14282849431037903, -0.13954736292362213, -0.13626623153686523, -0.13298510015010834, -0.12970396876335144, -0.12642283737659454, -0.12314170598983765, -0.11986057460308075, -0.11657943576574326, -0.11329830437898636, -0.11001717299222946, -0.10673604160547256, -0.10345491021871567, -0.10017377883195877, -0.09689263999462128, -0.09361150860786438, -0.09033037722110748, -0.08704924583435059, -0.08376811444759369, -0.08048698306083679, -0.0772058516740799, -0.073924720287323, -0.0706435889005661, -0.0673624575138092, -0.06408131867647171, -0.06080018728971481, -0.057519055902957916, -0.05423792451620102, -0.05095679312944412, -0.047675661742687225, -0.04439452663064003, -0.04111339524388313, -0.037832267582416534, -0.03455113619565964, -0.03127000480890274, -0.027988871559500694, -0.024707740172743797, -0.0214266087859869, -0.018145475536584854, -0.014864344149827957, -0.011583209037780762, -0.008302077651023865, -0.005020945332944393, -0.0017398130148649216, 0.0015413183718919754, 0.004822449758648872, 0.008103583008050919, 0.011384714394807816, 0.014665845781564713, 0.01794697716832161, 0.021228108555078506, 0.024509241804480553, 0.02779037319123745, 0.031071504577994347, 0.03435263782739639, 0.03763376921415329, 0.04091490060091019]}, "gradients/fc3.weight": {"_type": "histogram", "values": [1.0, 0.0, 0.0, 0.0, 0.0, 0.0, 0.0, 0.0, 0.0, 0.0, 0.0, 0.0, 0.0, 0.0, 0.0, 0.0, 0.0, 0.0, 0.0, 0.0, 0.0, 0.0, 0.0, 0.0, 0.0, 0.0, 0.0, 0.0, 1.0, 0.0, 0.0, 0.0, 0.0, 0.0, 1.0, 0.0, 2.0, 0.0, 0.0, 1.0, 0.0, 0.0, 0.0, 1.0, 0.0, 2.0, 2.0, 1.0, 1.0, 5.0, 74.0, 8011.0, 58.0, 15.0, 5.0, 1.0, 0.0, 1.0, 0.0, 0.0, 3.0, 2.0, 2.0, 2.0], "bins": [-1.1727741956710815, -1.1499977111816406, -1.1272213459014893, -1.1044448614120483, -1.081668496131897, -1.058892011642456, -1.0361156463623047, -1.0133391618728638, -0.9905627965927124, -0.9677863717079163, -0.9450099468231201, -0.922233521938324, -0.8994570970535278, -0.8766806721687317, -0.8539042472839355, -0.8311277627944946, -0.8083513379096985, -0.7855749130249023, -0.7627984881401062, -0.7400220632553101, -0.7172456383705139, -0.6944692134857178, -0.6716927289962769, -0.6489163637161255, -0.6261398792266846, -0.6033634543418884, -0.5805870294570923, -0.5578106045722961, -0.5350341796875, -0.5122577548027039, -0.4894813001155853, -0.4667048752307892, -0.4439285397529602, -0.42115211486816406, -0.3983756899833679, -0.3755992650985718, -0.35282284021377563, -0.3300464153289795, -0.30726996064186096, -0.2844935357570648, -0.26171714067459106, -0.23894071578979492, -0.21616429090499878, -0.19338785111904144, -0.1706114262342453, -0.14783500134944916, -0.12505856156349182, -0.10228213667869568, -0.07950568199157715, -0.05672925338149071, -0.033952824771404266, -0.011176392436027527, 0.011600032448768616, 0.03437645733356476, 0.057152897119522095, 0.07992932200431824, 0.10270574688911438, 0.12548217177391052, 0.14825859665870667, 0.171035036444664, 0.19381146132946014, 0.2165878862142563, 0.23936432600021362, 0.26214075088500977, 0.2849171757698059]}, "gradients/fc2.bias": {"_type": "histogram", "values": [1.0, 0.0, 0.0, 0.0, 1.0, 0.0, 0.0, 0.0, 0.0, 0.0, 1.0, 0.0, 0.0, 0.0, 0.0, 0.0, 0.0, 0.0, 1.0, 1.0, 1.0, 0.0, 0.0, 0.0, 1.0, 0.0, 0.0, 0.0, 2.0, 0.0, 3.0, 1.0, 0.0, 0.0, 2.0, 100.0, 2.0, 0.0, 1.0, 0.0, 1.0, 0.0, 2.0, 0.0, 0.0, 0.0, 0.0, 0.0, 0.0, 0.0, 0.0, 2.0, 1.0, 1.0, 0.0, 0.0, 0.0, 0.0, 0.0, 1.0, 1.0, 0.0, 0.0, 1.0],