{"loss": 0.22571218013763428, "_timestamp": 1660568089.705549, "_runtime": 21.761945009231567, "_step": 399, "gradients/graph_6fc4.bias": {"_type": "histogram", "values": [1.0, 0.0, 0.0, 0.0, 0.0, 0.0, 0.0, 0.0, 0.0, 0.0, 0.0, 0.0, 0.0, 0.0, 0.0, 0.0, 0.0, 0.0, 0.0, 0.0, 0.0, 0.0, 0.0, 0.0, 0.0, 0.0, 0.0, 0.0, 0.0, 0.0, 0.0, 0.0, 0.0, 0.0, 0.0, 0.0, 0.0, 0.0, 0.0, 0.0, 0.0, 0.0, 0.0, 0.0, 0.0, 0.0, 0.0, 0.0, 0.0, 0.0, 0.0, 0.0, 0.0, 0.0, 0.0, 0.0, 0.0, 0.0, 0.0, 0.0, 0.0, 0.0, 0.0, 1.0], "bins": [-0.21001900732517242, -0.20345591008663177, -0.19689281284809113, -0.19032973051071167, -0.18376663327217102, -0.17720353603363037, -0.17064043879508972, -0.16407734155654907, -0.15751425921916962, -0.15095116198062897, -0.14438806474208832, -0.13782498240470886, -0.1312618851661682, -0.12469878792762756, -0.11813569068908691, -0.11157260090112686, -0.10500950366258621, -0.09844640642404556, -0.09188331663608551, -0.08532021939754486, -0.07875712960958481, -0.07219403237104416, -0.0656309425830841, -0.05906784534454346, -0.05250474810600281, -0.04594165459275246, -0.039378561079502106, -0.032815463840961456, -0.026252372190356255, -0.019689276814460754, -0.013126183301210403, -0.0065630897879600525, 0.0, 0.006563093978911638, 0.013126187957823277, 0.019689282402396202, 0.026252375915646553, 0.03281547129154205, 0.039378564804792404, 0.045941658318042755, 0.05250474810600281, 0.05906784161925316, 0.06563093513250351, 0.07219403237104416, 0.07875712215900421, 0.08532021939754486, 0.09188331663608551, 0.09844640642404556, 0.10500950366258621, 0.11157260090112686, 0.11813569068908691, 0.12469878792762756, 0.1312618851661682, 0.13782498240470886, 0.14438806474208832, 0.15095116198062897, 0.15751425921916962, 0.16407735645771027, 0.17064045369625092, 0.17720353603363037, 0.18376663327217102, 0.19032973051071167, 0.19689282774925232, 0.20345592498779297, 0.21001900732517242]}, "gradients/graph_6fc4.weight": {"_type": "histogram", "values": [2.0, 0.0, 0.0, 0.0, 0.0, 0.0, 1.0, 2.0, 0.0, 2.0, 0.0, 0.0, 1.0, 0.0, 1.0, 1.0, 3.0, 2.0, 1.0, 2.0, 2.0, 0.0, 4.0, 2.0, 1.0, 3.0, 2.0, 4.0, 6.0, 8.0, 1.0, 2.0, 24.0, 1.0, 8.0, 6.0, 4.0, 2.0, 3.0, 1.0, 2.0, 4.0, 0.0, 2.0, 2.0, 1.0, 2.0, 3.0, 1.0, 1.0, 0.0, 1.0, 0.0, 0.0, 2.0, 0.0, 2.0, 1.0, 0.0, 0.0, 0.0, 0.0, 0.0, 2.0], "bins": [-0.029598601162433624, -0.028673645108938217, -0.02774868905544281, -0.026823733001947403, -0.025898776948451996, -0.02497382089495659, -0.024048862978816032, -0.023123906925320625, -0.022198950871825218, -0.02127399481832981, -0.020349038764834404, -0.019424082711338997, -0.01849912479519844, -0.017574168741703033, -0.016649212688207626, -0.01572425663471222, -0.014799300581216812, -0.013874344527721405, -0.012949388474225998, -0.012024431489408016, -0.011099475435912609, -0.010174519382417202, -0.00924956239759922, -0.008324606344103813, -0.007399650290608406, -0.006474694237112999, -0.0055497377179563046, -0.00462478119879961, -0.003699825145304203, -0.002774869091808796, -0.0018499125726521015, -0.0009249560534954071, 0.0, 0.0009249562863260508, 0.0018499125726521015, 0.0027748688589781523, 0.003699825145304203, 0.00462478119879961, 0.0055497377179563046, 0.006474694237112999, 0.007399650290608406, 0.008324606344103813, 0.00924956239759922, 0.010174519382417202, 0.011099475435912609, 0.012024431489408016, 0.012949388474225998, 0.013874344527721405, 0.014799300581216812, 0.01572425663471222, 0.016649212688207626, 0.017574168741703033, 0.01849912479519844, 0.019424080848693848, 0.020349038764834404, 0.02127399481832981, 0.022198950871825218, 0.023123906925320625, 0.024048862978816032, 0.02497381903231144, 0.025898776948451996, 0.026823733001947403, 0.02774868905544281, 0.028673645108938217, 0.029598601162433624]}, "gradients/graph_6fc3.bias": {"_type": "histogram", "values": [2.0, 0.0, 0.0, 0.0, 0.0, 0.0, 0.0, 0.0, 0.0, 0.0, 0.0, 0.0, 0.0, 0.0, 1.0, 0.0, 1.0, 0.0, 0.0, 0.0, 1.0, 0.0, 0.0, 0.0, 0.0, 0.0, 0.0, 0.0, 0.0, 2.0, 2.0, 1.0, 0.0, 0.0, 0.0, 0.0, 0.0, 1.0, 1.0, 2.0, 0.0, 2.0, 6.0, 4.0, 6.0, 13.0, 2.0, 4.0, 0.0, 1.0, 1.0, 3.0, 2.0, 2.0, 0.0, 0.0, 2.0, 0.0, 0.0, 0.0, 0.0, 1.0, 0.0, 1.0], "bins": [-0.08112266659736633, -0.07935027778148651, -0.07757788896560669, -0.07580549269914627, -0.07403310388326645, -0.07226071506738663, -0.0704883262515068, -0.06871593743562698, -0.06694354116916656, -0.06517115235328674, -0.06339876353740692, -0.0616263709962368, -0.05985397845506668, -0.05808158963918686, -0.05630920082330704, -0.054536812007427216, -0.052764423191547394, -0.05099203437566757, -0.04921964183449745, -0.04744725301861763, -0.04567486047744751, -0.04390247166156769, -0.042130082845687866, -0.040357694029808044, -0.038585301488637924, -0.0368129126727581, -0.03504052013158798, -0.03326813131570816, -0.03149574249982834, -0.02972334995865822, -0.027950961142778397, -0.026178570464253426, -0.024406179785728455, -0.022633789107203484, -0.020861398428678513, -0.01908900961279869, -0.01731661893427372, -0.015544228255748749, -0.013771838508546352, -0.011999448761343956, -0.010227058082818985, -0.008454667404294014, -0.006682277657091618, -0.004909887444227934, -0.00313749723136425, -0.0013651065528392792, 0.0004072831943631172, 0.0021796729415655136, 0.003952063620090485, 0.005724453832954168, 0.007496844045817852, 0.009269233793020248, 0.01104162447154522, 0.01281401515007019, 0.014586404897272587, 0.016358794644474983, 0.018131185322999954, 0.019903576001524925, 0.021675966680049896, 0.023448355495929718, 0.02522074617445469, 0.02699313685297966, 0.028765525668859482, 0.030537916347384453, 0.032310307025909424]}, "gradients/graph_6fc3.weight": {"_type": "histogram", "values": [1.0, 0.0, 2.0, 0.0, 0.0, 0.0, 1.0, 1.0, 0.0, 1.0, 0.0, 1.0, 4.0, 0.0, 3.0, 3.0, 3.0, 3.0, 10.0, 10.0, 11.0, 11.0, 14.0, 25.0, 28.0, 13.0, 48.0, 47.0, 95.0, 7500.0, 81.0, 74.0, 45.0, 48.0, 31.0, 18.0, 22.0, 4.0, 9.0, 5.0, 2.0, 6.0, 3.0, 1.0, 1.0, 3.0, 1.0, 0.0, 0.0, 0.0, 2.0, 0.0, 0.0, 0.0, 0.0, 0.0, 0.0, 0.0, 0.0, 0.0, 0.0, 0.0, 0.0, 1.0], "bins": [-0.044669635593891144, -0.04317140951752663, -0.04167318716645241, -0.04017496109008789, -0.03867673873901367, -0.037178512662649155, -0.03568028658628464, -0.03418206423521042, -0.0326838381588459, -0.031185613945126534, -0.029687389731407166, -0.02818916365504265, -0.02669093944132328, -0.025192715227603912, -0.023694489151239395, -0.022196264937520027, -0.02069804072380066, -0.01919981651008129, -0.017701592296361923, -0.016203366219997406, -0.014705142006278038, -0.01320691779255867, -0.011708692647516727, -0.010210467502474785, -0.008712243288755417, -0.007214018609374762, -0.005715793929994106, -0.004217569250613451, -0.0027193445712327957, -0.0012211198918521404, 0.00027710478752851486, 0.0017753299325704575, 0.003273550420999527, 0.004771775100380182, 0.0062699997797608376, 0.007768224459141493, 0.009266449138522148, 0.010764673352241516, 0.012262898497283459, 0.013761123642325401, 0.01525934785604477, 0.016757572069764137, 0.018255796283483505, 0.019754022359848022, 0.02125224657356739, 0.02275047078728676, 0.024248696863651276, 0.025746921077370644, 0.02724514529109001, 0.02874336950480938, 0.030241593718528748, 0.031739819794893265, 0.03323804587125778, 0.034736268222332, 0.03623449429869652, 0.037732720375061035, 0.039230942726135254, 0.04072916880249977, 0.04222739115357399, 0.04372561722993851, 0.045223839581012726, 0.04672206565737724, 0.04822029173374176, 0.04971851408481598, 0.051216740161180496]}, "gradients/graph_6fc2.bias": {"_type": "histogram", "values": [1.0, 0.0, 1.0, 0.0, 0.0, 1.0, 0.0, 0.0, 1.0, 0.0, 0.0, 0.0, 0.0, 0.0, 1.0, 0.0, 0.0, 2.0, 0.0, 1.0, 1.0, 0.0, 0.0, 0.0, 0.0, 2.0, 0.0, 1.0, 1.0, 0.0, 0.0, 102.0, 1.0, 0.0, 0.0, 0.0, 0.0, 1.0, 0.0, 2.0, 0.0, 1.0, 0.0, 0.0, 0.0, 0.0, 0.0, 0.0, 0.0, 2.0, 0.0, 2.0, 1.0, 0.0, 0.0, 0.0, 0.0, 1.0, 0.0, 0.0, 0.0, 0.0, 1.0, 1.0],