{"loss": 0.23659975826740265, "_timestamp": 1660489064.824674, "_runtime": 160.9904968738556, "_step": 399, "gradients/fc4.bias": {"_type": "histogram", "values": [1.0, 0.0, 0.0, 0.0, 0.0, 0.0, 0.0, 0.0, 0.0, 0.0, 0.0, 0.0, 0.0, 0.0, 0.0, 0.0, 0.0, 0.0, 0.0, 0.0, 0.0, 0.0, 0.0, 0.0, 0.0, 0.0, 0.0, 0.0, 0.0, 0.0, 0.0, 0.0, 0.0, 0.0, 0.0, 0.0, 0.0, 0.0, 0.0, 0.0, 0.0, 0.0, 0.0, 0.0, 0.0, 0.0, 0.0, 0.0, 0.0, 0.0, 0.0, 0.0, 0.0, 0.0, 0.0, 0.0, 0.0, 0.0, 0.0, 0.0, 0.0, 0.0, 0.0, 1.0], "bins": [-0.22335702180862427, -0.2163771092891693, -0.20939721167087555, -0.2024172991514206, -0.19543740153312683, -0.18845748901367188, -0.18147757649421692, -0.17449766397476196, -0.1675177663564682, -0.16053785383701324, -0.15355795621871948, -0.14657804369926453, -0.13959813117980957, -0.1326182335615158, -0.12563832104206085, -0.11865841597318649, -0.11167851090431213, -0.10469860583543777, -0.09771870076656342, -0.09073878824710846, -0.0837588831782341, -0.07677897810935974, -0.06979906558990479, -0.06281916052103043, -0.05583925545215607, -0.04885935038328171, -0.04187944158911705, -0.03489953279495239, -0.027919627726078033, -0.020939722657203674, -0.013959813863039017, -0.006979905068874359, 0.0, 0.006979906931519508, 0.013959813863039017, 0.020939720794558525, 0.027919627726078033, 0.03489953279495239, 0.04187944158911705, 0.04885935038328171, 0.05583925545215607, 0.06281916052103043, 0.06979906558990479, 0.07677897810935974, 0.0837588831782341, 0.09073878824710846, 0.09771870076656342, 0.10469860583543777, 0.11167851090431213, 0.11865841597318649, 0.12563832104206085, 0.1326182335615158, 0.13959813117980957, 0.14657804369926453, 0.15355795621871948, 0.16053786873817444, 0.1675177663564682, 0.17449767887592316, 0.18147757649421692, 0.18845748901367188, 0.19543740153312683, 0.2024172991514206, 0.20939721167087555, 0.2163771092891693, 0.22335702180862427]}, "gradients/fc4.weight": {"_type": "histogram", "values": [1.0, 0.0, 0.0, 0.0, 0.0, 1.0, 0.0, 0.0, 0.0, 0.0, 1.0, 0.0, 0.0, 1.0, 0.0, 0.0, 0.0, 0.0, 0.0, 0.0, 0.0, 1.0, 1.0, 0.0, 2.0, 4.0, 2.0, 5.0, 8.0, 5.0, 6.0, 15.0, 37.0, 6.0, 5.0, 8.0, 5.0, 2.0, 4.0, 2.0, 0.0, 1.0, 1.0, 0.0, 0.0, 0.0, 0.0, 0.0, 0.0, 0.0, 1.0, 0.0, 0.0, 1.0, 0.0, 0.0, 0.0, 0.0, 1.0, 0.0, 0.0, 0.0, 0.0, 1.0], "bins": [-0.0653584897518158, -0.06331603974103928, -0.06127358227968216, -0.05923113226890564, -0.05718867853283882, -0.055146224796772, -0.05310377478599548, -0.051061321049928665, -0.04901886731386185, -0.04697641357779503, -0.04493395984172821, -0.04289150983095169, -0.04084905609488487, -0.038806602358818054, -0.036764152348041534, -0.034721698611974716, -0.0326792448759079, -0.03063679113984108, -0.02859433926641941, -0.02655188739299774, -0.024509433656930923, -0.022466979920864105, -0.020424528047442436, -0.018382076174020767, -0.01633962243795395, -0.014297169633209705, -0.012254716828465462, -0.010212264023721218, -0.008169811218976974, -0.006127358414232731, -0.004084905609488487, -0.0020424528047442436, 0.0, 0.0020424528047442436, 0.004084905609488487, 0.006127358414232731, 0.008169811218976974, 0.010212264023721218, 0.012254716828465462, 0.014297169633209705, 0.01633962243795395, 0.018382076174020767, 0.020424528047442436, 0.022466979920864105, 0.024509433656930923, 0.02655188739299774, 0.02859433926641941, 0.03063679113984108, 0.0326792448759079, 0.034721698611974716, 0.036764152348041534, 0.038806602358818054, 0.04084905609488487, 0.04289150983095169, 0.04493395984172821, 0.04697641357779503, 0.04901886731386185, 0.051061321049928665, 0.05310377478599548, 0.055146224796772, 0.05718867853283882, 0.05923113226890564, 0.06127358227968216, 0.06331603974103928, 0.0653584897518158]}, "gradients/fc3.bias": {"_type": "histogram", "values": [1.0, 0.0, 0.0, 0.0, 0.0, 0.0, 0.0, 0.0, 0.0, 0.0, 0.0, 0.0, 1.0, 0.0, 0.0, 0.0, 0.0, 1.0, 0.0, 0.0, 0.0, 2.0, 0.0, 1.0, 0.0, 0.0, 0.0, 0.0, 0.0, 0.0, 0.0, 0.0, 2.0, 1.0, 0.0, 3.0, 4.0, 2.0, 7.0, 23.0, 5.0, 2.0, 2.0, 1.0, 1.0, 0.0, 0.0, 1.0, 1.0, 0.0, 1.0, 1.0, 0.0, 0.0, 0.0, 0.0, 0.0, 0.0, 0.0, 0.0, 0.0, 0.0, 0.0, 1.0], "bins": [-0.08261683583259583, -0.08051404356956482, -0.07841125130653381, -0.07630845904350281, -0.0742056667804718, -0.0721028745174408, -0.07000008225440979, -0.06789728999137878, -0.06579449772834778, -0.06369170546531677, -0.06158891320228577, -0.05948612093925476, -0.057383328676223755, -0.05528053641319275, -0.05317774415016174, -0.05107495188713074, -0.04897215962409973, -0.046869367361068726, -0.04476657509803772, -0.042663782835006714, -0.04056099057197571, -0.0384581983089447, -0.036355406045913696, -0.03425261378288269, -0.032149821519851685, -0.03004702925682068, -0.027944236993789673, -0.025841444730758667, -0.02373865246772766, -0.021635860204696655, -0.01953306794166565, -0.017430275678634644, -0.015327483415603638, -0.013224691152572632, -0.011121898889541626, -0.00901910662651062, -0.006916314363479614, -0.004813522100448608, -0.0027107298374176025, -0.0006079375743865967, 0.0014948546886444092, 0.003597646951675415, 0.005700439214706421, 0.007803231477737427, 0.009906023740768433, 0.012008816003799438, 0.014111608266830444, 0.01621440052986145, 0.018317192792892456, 0.020419985055923462, 0.022522777318954468, 0.024625569581985474, 0.02672836184501648, 0.028831154108047485, 0.03093394637107849, 0.0330367386341095, 0.0351395308971405, 0.03724232316017151, 0.039345115423202515, 0.04144790768623352, 0.043550699949264526, 0.04565349221229553, 0.04775628447532654, 0.049859076738357544, 0.05196186900138855]}, "gradients/fc3.weight": {"_type": "histogram", "values": [1.0, 0.0, 0.0, 0.0, 0.0, 0.0, 0.0, 0.0, 0.0, 0.0, 0.0, 0.0, 1.0, 0.0, 0.0, 0.0, 0.0, 1.0, 1.0, 0.0, 2.0, 0.0, 1.0, 0.0, 2.0, 0.0, 4.0, 2.0, 0.0, 4.0, 2.0, 6.0, 5.0, 11.0, 17.0, 19.0, 48.0, 108.0, 7639.0, 121.0, 70.0, 45.0, 29.0, 14.0, 7.0, 6.0, 3.0, 3.0, 4.0, 3.0, 2.0, 1.0, 2.0, 1.0, 1.0, 2.0, 0.0, 0.0, 0.0, 1.0, 0.0, 0.0, 2.0, 1.0], "bins": [-0.0596499890089035, -0.058102093636989594, -0.05655420199036598, -0.05500630661845207, -0.05345841497182846, -0.05191051959991455, -0.05036262422800064, -0.04881472885608673, -0.04726683720946312, -0.04571894183754921, -0.0441710501909256, -0.04262315481901169, -0.04107525944709778, -0.03952736780047417, -0.03797947242856026, -0.036431580781936646, -0.034883685410022736, -0.033335790038108826, -0.031787898391485214, -0.030240003019571304, -0.028692109510302544, -0.027144216001033783, -0.025596320629119873, -0.024048427119851112, -0.02250053361058235, -0.02095264010131359, -0.01940474659204483, -0.01785685122013092, -0.01630895771086216, -0.014761064201593399, -0.013213169761002064, -0.011665275320410728, -0.010117385536432266, -0.008569492027163506, -0.00702159758657217, -0.005473703611642122, -0.003925809636712074, -0.0023779156617820263, -0.0008300216868519783, 0.000717872753739357, 0.0022657662630081177, 0.0038136602379381657, 0.005361554212868214, 0.006909448187798262, 0.00845734216272831, 0.01000523567199707, 0.011553130112588406, 0.013101024553179741, 0.014648918062448502, 0.016196811571717262, 0.017744705080986023, 0.019292600452899933, 0.020840493962168694, 0.022388387471437454, 0.023936282843351364, 0.025484176352620125, 0.027032069861888885, 0.028579963371157646, 0.030127856880426407, 0.03167575225234032, 0.03322364389896393, 0.03477153927087784, 0.03631943464279175, 0.03786733001470566, 0.03941522166132927]}, "gradients/fc2.bias": {"_type": "histogram", "values": [1.0, 0.0, 0.0, 0.0, 1.0, 0.0, 0.0, 0.0, 0.0, 0.0, 0.0, 0.0, 0.0, 0.0, 0.0, 0.0, 0.0, 2.0, 2.0, 0.0, 0.0, 0.0, 0.0, 0.0, 0.0, 0.0, 0.0, 0.0, 0.0, 0.0, 2.0, 0.0, 0.0, 2.0, 0.0, 2.0, 1.0, 103.0, 1.0, 2.0, 0.0, 1.0, 2.0, 0.0, 1.0, 0.0, 0.0, 0.0, 0.0, 0.0, 1.0, 0.0, 1.0, 0.0, 0.0, 0.0, 0.0, 0.0, 0.0, 1.0, 0.0, 1.0, 0.0, 1.0],