{"loss": 0.22875142097473145, "_timestamp": 1660384003.6987824, "_runtime": 21.900164365768433, "_step": 399, "gradients/graph_1fc4.bias": {"_type": "histogram", "values": [1.0, 0.0, 0.0, 0.0, 0.0, 0.0, 0.0, 0.0, 0.0, 0.0, 0.0, 0.0, 0.0, 0.0, 0.0, 0.0, 0.0, 0.0, 0.0, 0.0, 0.0, 0.0, 0.0, 0.0, 0.0, 0.0, 0.0, 0.0, 0.0, 0.0, 0.0, 0.0, 0.0, 0.0, 0.0, 0.0, 0.0, 0.0, 0.0, 0.0, 0.0, 0.0, 0.0, 0.0, 0.0, 0.0, 0.0, 0.0, 0.0, 0.0, 0.0, 0.0, 0.0, 0.0, 0.0, 0.0, 0.0, 0.0, 0.0, 0.0, 0.0, 0.0, 0.0, 1.0], "bins": [-0.20013222098350525, -0.19387808442115784, -0.18762396275997162, -0.1813698261976242, -0.1751156896352768, -0.16886156797409058, -0.16260743141174316, -0.15635329484939575, -0.15009915828704834, -0.14384502172470093, -0.1375909000635147, -0.1313367635011673, -0.12508262693881989, -0.11882849782705307, -0.11257436871528625, -0.10632023215293884, -0.10006611049175262, -0.09381198137998581, -0.0875578448176384, -0.08130371570587158, -0.07504957914352417, -0.06879545003175735, -0.06254132091999054, -0.056287188082933426, -0.05003306269645691, -0.043778929859399796, -0.03752479702234268, -0.03127066791057587, -0.025016535073518753, -0.01876240223646164, -0.012508273124694824, -0.006254140287637711, 0.0, 0.006254131905734539, 0.012508263811469078, 0.018762394785881042, 0.025016527622938156, 0.03127066045999527, 0.037524789571762085, 0.0437789224088192, 0.05003306269645691, 0.05628719553351402, 0.06254132837057114, 0.06879545748233795, 0.07504959404468536, 0.08130372315645218, 0.087557852268219, 0.0938119888305664, 0.10006611049175262, 0.10632023960351944, 0.11257437616586685, 0.11882850527763367, 0.12508264183998108, 0.1313367784023285, 0.1375909000635147, 0.14384503662586212, 0.15009915828704834, 0.15635329484939575, 0.16260741651058197, 0.16886155307292938, 0.1751156896352768, 0.181369811296463, 0.18762394785881042, 0.19387808442115784, 0.20013222098350525]}, "gradients/graph_1fc4.weight": {"_type": "histogram", "values": [1.0, 0.0, 0.0, 0.0, 0.0, 0.0, 0.0, 1.0, 0.0, 0.0, 0.0, 0.0, 0.0, 1.0, 0.0, 0.0, 0.0, 1.0, 0.0, 0.0, 0.0, 0.0, 1.0, 1.0, 0.0, 1.0, 3.0, 7.0, 5.0, 6.0, 7.0, 8.0, 50.0, 7.0, 6.0, 5.0, 7.0, 3.0, 1.0, 0.0, 1.0, 1.0, 0.0, 0.0, 0.0, 0.0, 1.0, 0.0, 0.0, 0.0, 1.0, 0.0, 0.0, 0.0, 0.0, 0.0, 1.0, 0.0, 0.0, 0.0, 0.0, 0.0, 0.0, 1.0], "bins": [-0.051876846700906754, -0.05025569349527359, -0.048634544014930725, -0.04701339080929756, -0.0453922413289547, -0.04377108812332153, -0.04214993864297867, -0.040528785437345505, -0.03890763595700264, -0.037286482751369476, -0.03566533327102661, -0.03404418006539345, -0.03242303058505058, -0.03080187737941742, -0.029180727899074554, -0.02755957469344139, -0.025938423350453377, -0.024317272007465363, -0.02269612066447735, -0.021074969321489334, -0.01945381797850132, -0.017832666635513306, -0.016211513429880142, -0.014590363018214703, -0.012969210743904114, -0.0113480594009161, -0.009726908057928085, -0.008105756714940071, -0.00648460490629077, -0.004863453097641468, -0.003242301754653454, -0.0016211504116654396, 0.0, 0.001621151459403336, 0.003242302918806672, 0.00486345449462533, 0.006484605837613344, 0.008105757646262646, 0.00972690898925066, 0.011348060332238674, 0.012969210743904114, 0.014590362086892128, 0.016211513429880142, 0.017832664772868156, 0.01945381611585617, 0.021074969321489334, 0.0226961188018322, 0.024317272007465363, 0.025938423350453377, 0.02755957469344139, 0.029180726036429405, 0.03080187737941742, 0.03242303058505058, 0.03404418006539345, 0.03566533327102661, 0.037286482751369476, 0.03890763595700264, 0.0405287891626358, 0.04214993864297867, 0.04377109184861183, 0.0453922413289547, 0.04701339453458786, 0.048634544014930725, 0.05025569722056389, 0.051876846700906754]}, "gradients/graph_1fc3.bias": {"_type": "histogram", "values": [1.0, 0.0, 0.0, 0.0, 1.0, 0.0, 0.0, 0.0, 0.0, 0.0, 0.0, 0.0, 0.0, 0.0, 0.0, 0.0, 0.0, 0.0, 0.0, 0.0, 0.0, 0.0, 0.0, 0.0, 0.0, 3.0, 0.0, 1.0, 1.0, 0.0, 0.0, 0.0, 0.0, 0.0, 0.0, 2.0, 1.0, 0.0, 0.0, 0.0, 0.0, 1.0, 1.0, 2.0, 1.0, 5.0, 4.0, 23.0, 2.0, 1.0, 4.0, 0.0, 1.0, 1.0, 1.0, 0.0, 1.0, 1.0, 2.0, 1.0, 0.0, 1.0, 0.0, 1.0], "bins": [-0.12055082619190216, -0.11800268292427063, -0.1154545396566391, -0.11290639638900757, -0.11035825312137604, -0.1078101098537445, -0.10526196658611298, -0.10271382331848145, -0.10016568005084991, -0.09761753678321838, -0.09506939351558685, -0.09252125024795532, -0.08997310698032379, -0.08742496371269226, -0.08487682044506073, -0.0823286771774292, -0.07978054136037827, -0.07723239809274673, -0.0746842548251152, -0.07213611155748367, -0.06958796828985214, -0.06703982502222061, -0.06449168175458908, -0.06194354221224785, -0.05939539894461632, -0.05684725567698479, -0.054299112409353256, -0.051750969141721725, -0.04920282959938049, -0.04665468633174896, -0.04410654306411743, -0.0415583997964859, -0.03901026397943497, -0.036462120711803436, -0.033913977444171906, -0.031365834176540375, -0.028817692771553993, -0.026269549503922462, -0.02372140809893608, -0.02117326483130455, -0.01862512156367302, -0.01607697829604149, -0.013528835959732533, -0.010980693623423576, -0.008432550355792046, -0.005884407088160515, -0.0033362647518515587, -0.0007881224155426025, 0.0017600208520889282, 0.004308163654059172, 0.006856306456029415, 0.009404448792338371, 0.011952592059969902, 0.014500735327601433, 0.017048876732587814, 0.019597020000219345, 0.022145163267850876, 0.024693306535482407, 0.027241449803113937, 0.02978959120810032, 0.0323377326130867, 0.03488587588071823, 0.03743401914834976, 0.03998216241598129, 0.042530305683612823]}, "gradients/graph_1fc3.weight": {"_type": "histogram", "values": [2.0, 2.0, 0.0, 0.0, 0.0, 0.0, 1.0, 0.0, 1.0, 0.0, 0.0, 1.0, 2.0, 1.0, 1.0, 2.0, 0.0, 2.0, 5.0, 0.0, 1.0, 4.0, 2.0, 2.0, 5.0, 2.0, 6.0, 3.0, 4.0, 7.0, 6.0, 16.0, 8.0, 9.0, 14.0, 16.0, 21.0, 30.0, 29.0, 45.0, 71.0, 85.0, 137.0, 177.0, 281.0, 5993.0, 682.0, 260.0, 87.0, 51.0, 36.0, 26.0, 15.0, 11.0, 8.0, 10.0, 4.0, 1.0, 2.0, 0.0, 2.0, 1.0, 1.0, 1.0], "bins": [-0.040659915655851364, -0.0397709459066391, -0.038881976157426834, -0.03799300640821457, -0.037104036659002304, -0.03621506690979004, -0.035326097160577774, -0.03443712741136551, -0.033548157662153244, -0.03265918791294098, -0.031770218163728714, -0.03088124841451645, -0.029992278665304184, -0.02910330891609192, -0.028214339166879654, -0.02732536941766739, -0.026436401531100273, -0.025547431781888008, -0.024658462032675743, -0.023769492283463478, -0.022880522534251213, -0.021991552785038948, -0.021102584898471832, -0.020213615149259567, -0.019324645400047302, -0.018435675650835037, -0.017546705901622772, -0.016657736152410507, -0.015768766403198242, -0.014879796653985977, -0.013990827836096287, -0.013101858086884022, -0.012212887406349182, -0.011323917657136917, -0.010434947907924652, -0.009545978158712387, -0.008657008409500122, -0.007768039125949144, -0.006879069842398167, -0.005990100093185902, -0.005101129412651062, -0.004212159663438797, -0.0033231901470571756, -0.0024342206306755543, -0.0015452508814632893, -0.0006562811322510242, 0.00023268815129995346, 0.0011216579005122185, 0.002010626718401909, 0.002899596467614174, 0.0037885659839957952, 0.004677535500377417, 0.005566505249589682, 0.006455474998801947, 0.007344444282352924, 0.00823341403156519, 0.009122383780777454, 0.01001135352998972, 0.010900323279201984, 0.011789292097091675, 0.01267826184630394, 0.013567231595516205, 0.01445620134472847, 0.015345171093940735, 0.016234140843153]}, "gradients/graph_1fc2.bias": {"_type": "histogram", "values": [1.0, 0.0, 0.0, 0.0, 0.0, 0.0, 0.0, 0.0, 0.0, 0.0, 0.0, 1.0, 1.0, 0.0, 0.0, 0.0, 0.0, 0.0, 0.0, 0.0, 1.0, 0.0, 1.0, 2.0, 0.0, 2.0, 0.0, 0.0, 0.0, 2.0, 5.0, 0.0, 0.0, 0.0, 1.0, 1.0, 2.0, 2.0, 7.0, 5.0, 2.0, 6.0, 34.0, 7.0, 8.0, 6.0, 1.0, 5.0, 2.0, 5.0, 2.0, 0.0, 3.0, 1.0, 2.0, 1.0, 2.0, 1.0, 0.0, 1.0, 1.0, 1.0, 1.0, 2.0],