{"loss": 0.2268787920475006, "_timestamp": 1660488871.759741, "_runtime": 275.39153504371643, "_step": 366, "gradients/fc4.bias": {"_type": "histogram", "values": [1.0, 0.0, 0.0, 0.0, 0.0, 0.0, 0.0, 0.0, 0.0, 0.0, 0.0, 0.0, 0.0, 0.0, 0.0, 0.0, 0.0, 0.0, 0.0, 0.0, 0.0, 0.0, 0.0, 0.0, 0.0, 0.0, 0.0, 0.0, 0.0, 0.0, 0.0, 0.0, 0.0, 0.0, 0.0, 0.0, 0.0, 0.0, 0.0, 0.0, 0.0, 0.0, 0.0, 0.0, 0.0, 0.0, 0.0, 0.0, 0.0, 0.0, 0.0, 0.0, 0.0, 0.0, 0.0, 0.0, 0.0, 0.0, 0.0, 0.0, 0.0, 0.0, 0.0, 1.0], "bins": [-0.24025964736938477, -0.2327515333890915, -0.22524341940879822, -0.21773530542850494, -0.21022719144821167, -0.2027190774679184, -0.19521096348762512, -0.18770284950733185, -0.18019473552703857, -0.1726866215467453, -0.16517850756645203, -0.15767039358615875, -0.15016227960586548, -0.1426541656255722, -0.13514605164527893, -0.12763793766498566, -0.12012982368469238, -0.11262170970439911, -0.10511359572410583, -0.09760548174381256, -0.09009736776351929, -0.08258925378322601, -0.07508113980293274, -0.06757302582263947, -0.06006491184234619, -0.05255679786205292, -0.045048683881759644, -0.03754056990146637, -0.030032455921173096, -0.022524341940879822, -0.015016227960586548, -0.007508113980293274, 0.0, 0.007508113980293274, 0.015016227960586548, 0.022524341940879822, 0.030032455921173096, 0.03754056990146637, 0.045048683881759644, 0.05255679786205292, 0.06006491184234619, 0.06757302582263947, 0.07508113980293274, 0.08258925378322601, 0.09009736776351929, 0.09760548174381256, 0.10511359572410583, 0.11262170970439911, 0.12012982368469238, 0.12763793766498566, 0.13514605164527893, 0.1426541656255722, 0.15016227960586548, 0.15767039358615875, 0.16517850756645203, 0.1726866215467453, 0.18019473552703857, 0.18770284950733185, 0.19521096348762512, 0.2027190774679184, 0.21022719144821167, 0.21773530542850494, 0.22524341940879822, 0.2327515333890915, 0.24025964736938477]}, "gradients/fc4.weight": {"_type": "histogram", "values": [1.0, 0.0, 0.0, 0.0, 0.0, 0.0, 0.0, 0.0, 0.0, 0.0, 0.0, 0.0, 0.0, 0.0, 2.0, 0.0, 2.0, 1.0, 1.0, 0.0, 1.0, 1.0, 0.0, 2.0, 0.0, 2.0, 2.0, 2.0, 1.0, 1.0, 3.0, 9.0, 75.0, 3.0, 1.0, 1.0, 2.0, 2.0, 2.0, 0.0, 2.0, 0.0, 1.0, 1.0, 0.0, 1.0, 1.0, 2.0, 0.0, 2.0, 0.0, 0.0, 0.0, 0.0, 0.0, 0.0, 0.0, 0.0, 0.0, 0.0, 0.0, 0.0, 0.0, 1.0], "bins": [-0.11055180430412292, -0.10709705948829651, -0.10364231467247009, -0.10018756985664368, -0.09673282504081726, -0.09327808022499084, -0.08982334285974503, -0.08636859804391861, -0.0829138532280922, -0.07945910841226578, -0.07600436359643936, -0.07254961878061295, -0.06909488141536713, -0.06564013659954071, -0.062185391783714294, -0.05873064696788788, -0.05527590215206146, -0.051821157336235046, -0.04836641252040863, -0.04491167142987251, -0.0414569266140461, -0.03800218179821968, -0.03454744070768356, -0.031092695891857147, -0.02763795107603073, -0.024183206260204315, -0.02072846330702305, -0.01727372035384178, -0.013818975538015366, -0.01036423072218895, -0.006909487769007683, -0.003454744815826416, 0.0, 0.0034547438845038414, 0.006909487769007683, 0.010364231653511524, 0.013818975538015366, 0.01727372035384178, 0.02072846330702305, 0.024183206260204315, 0.02763795107603073, 0.031092695891857147, 0.03454744070768356, 0.03800218179821968, 0.0414569266140461, 0.04491167142987251, 0.04836641252040863, 0.051821157336235046, 0.05527590215206146, 0.05873064696788788, 0.062185391783714294, 0.06564013659954071, 0.06909488141536713, 0.07254962623119354, 0.07600436359643936, 0.07945910841226578, 0.0829138532280922, 0.08636859804391861, 0.08982334285974503, 0.09327808767557144, 0.09673282504081726, 0.10018756985664368, 0.10364231467247009, 0.10709705948829651, 0.11055180430412292]}, "gradients/fc3.bias": {"_type": "histogram", "values": [1.0, 0.0, 0.0, 0.0, 0.0, 0.0, 0.0, 0.0, 0.0, 0.0, 0.0, 0.0, 1.0, 0.0, 0.0, 0.0, 0.0, 1.0, 0.0, 0.0, 0.0, 0.0, 0.0, 0.0, 0.0, 0.0, 0.0, 0.0, 0.0, 0.0, 1.0, 1.0, 0.0, 0.0, 0.0, 0.0, 0.0, 0.0, 1.0, 0.0, 0.0, 1.0, 3.0, 1.0, 1.0, 0.0, 3.0, 2.0, 2.0, 2.0, 0.0, 33.0, 2.0, 1.0, 2.0, 0.0, 0.0, 0.0, 1.0, 1.0, 1.0, 0.0, 0.0, 2.0], "bins": [-0.05956626683473587, -0.058400269597768784, -0.0572342686355114, -0.05606827139854431, -0.054902274161577225, -0.05373627692461014, -0.05257027596235275, -0.051404278725385666, -0.05023828148841858, -0.04907228425145149, -0.04790628328919411, -0.04674028605222702, -0.045574288815259933, -0.04440829157829285, -0.04324229061603546, -0.042076293379068375, -0.04091029614210129, -0.0397442989051342, -0.038578297942876816, -0.03741230070590973, -0.03624630346894264, -0.035080306231975555, -0.03391430526971817, -0.03274830803275108, -0.0315823070704937, -0.030416307970881462, -0.029250310733914375, -0.02808431163430214, -0.026918314397335052, -0.025752315297722816, -0.02458631619811058, -0.023420318961143494, -0.022254321724176407, -0.02108832262456417, -0.019922325387597084, -0.018756326287984848, -0.01759032905101776, -0.016424329951405525, -0.015258331783115864, -0.014092333614826202, -0.012926336377859116, -0.011760338209569454, -0.010594340041279793, -0.009428340941667557, -0.00826234370470047, -0.007096345070749521, -0.0059303464367985725, -0.004764348268508911, -0.003598349168896675, -0.0024323510006070137, -0.0012663525994867086, -0.00010035419836640358, 0.0010656439699232578, 0.0022316421382129192, 0.003397640772163868, 0.004563638940453529, 0.005729637108743191, 0.006895635277032852, 0.008061633445322514, 0.009227631613612175, 0.010393630713224411, 0.011559627950191498, 0.012725627049803734, 0.013891625218093395, 0.015057623386383057]}, "gradients/fc3.weight": {"_type": "histogram", "values": [1.0, 0.0, 0.0, 0.0, 0.0, 0.0, 1.0, 0.0, 1.0, 0.0, 0.0, 2.0, 1.0, 1.0, 1.0, 1.0, 2.0, 2.0, 0.0, 0.0, 2.0, 2.0, 4.0, 2.0, 0.0, 3.0, 0.0, 6.0, 6.0, 3.0, 2.0, 7.0, 2.0, 4.0, 5.0, 7.0, 4.0, 9.0, 11.0, 8.0, 17.0, 18.0, 26.0, 39.0, 48.0, 48.0, 95.0, 7459.0, 176.0, 56.0, 31.0, 23.0, 13.0, 11.0, 7.0, 7.0, 5.0, 4.0, 1.0, 4.0, 1.0, 1.0, 0.0, 2.0], "bins": [-0.08543367683887482, -0.08364922553300858, -0.08186477422714233, -0.0800803154706955, -0.07829586416482925, -0.07651141285896301, -0.07472696155309677, -0.07294251024723053, -0.07115805149078369, -0.06937360018491745, -0.06758914887905121, -0.06580469012260437, -0.06402023881673813, -0.06223578751087189, -0.060451336205005646, -0.058666881173849106, -0.056882429867982864, -0.05509797856211662, -0.05331352353096008, -0.05152907222509384, -0.0497446171939373, -0.04796016588807106, -0.04617571085691452, -0.04439125955104828, -0.04260680824518204, -0.040822356939315796, -0.039037901908159256, -0.037253450602293015, -0.035468995571136475, -0.03368454426527023, -0.03190009295940399, -0.030115637928247452, -0.02833118662238121, -0.02654673345386982, -0.02476228028535843, -0.022977828979492188, -0.021193373948335648, -0.019408922642469406, -0.017624469473958015, -0.015840016305446625, -0.014055561274290085, -0.012271108105778694, -0.010486654937267303, -0.008702202700078487, -0.006917749531567097, -0.005133296363055706, -0.00334884412586689, -0.0015643909573554993, 0.0002200603485107422, 0.0020045132841914892, 0.0037889662198722363, 0.00557341892272234, 0.00735787209123373, 0.009142325259745121, 0.010926777496933937, 0.012711230665445328, 0.014495683833956718, 0.01628013700246811, 0.0180645901709795, 0.01984904333949089, 0.021633494645357132, 0.023417949676513672, 0.025202400982379913, 0.026986854150891304, 0.028771307319402695]}, "gradients/fc2.bias": {"_type": "histogram", "values": [1.0, 0.0, 0.0, 1.0, 0.0, 1.0, 1.0, 0.0, 0.0, 1.0, 0.0, 1.0, 1.0, 0.0, 0.0, 1.0, 0.0, 0.0, 0.0, 0.0, 1.0, 0.0, 1.0, 0.0, 0.0, 1.0, 0.0, 0.0, 0.0, 0.0, 1.0, 0.0, 1.0, 0.0, 1.0, 2.0, 0.0, 3.0, 2.0, 83.0, 2.0, 3.0, 2.0, 3.0, 1.0, 2.0, 2.0, 1.0, 1.0, 0.0, 1.0, 1.0, 3.0, 0.0, 0.0, 0.0, 0.0, 1.0, 0.0, 0.0, 0.0, 0.0, 0.0, 1.0],