{"loss": 0.23672524094581604, "_timestamp": 1660488871.9867475, "_runtime": 276.0005464553833, "_step": 367, "gradients/fc4.bias": {"_type": "histogram", "values": [1.0, 0.0, 0.0, 0.0, 0.0, 0.0, 0.0, 0.0, 0.0, 0.0, 0.0, 0.0, 0.0, 0.0, 0.0, 0.0, 0.0, 0.0, 0.0, 0.0, 0.0, 0.0, 0.0, 0.0, 0.0, 0.0, 0.0, 0.0, 0.0, 0.0, 0.0, 0.0, 0.0, 0.0, 0.0, 0.0, 0.0, 0.0, 0.0, 0.0, 0.0, 0.0, 0.0, 0.0, 0.0, 0.0, 0.0, 0.0, 0.0, 0.0, 0.0, 0.0, 0.0, 0.0, 0.0, 0.0, 0.0, 0.0, 0.0, 0.0, 0.0, 0.0, 0.0, 1.0], "bins": [-0.2344266176223755, -0.22710078954696655, -0.21977496147155762, -0.2124491184949875, -0.20512329041957855, -0.19779746234416962, -0.1904716193675995, -0.18314579129219055, -0.17581996321678162, -0.16849413514137268, -0.16116830706596375, -0.15384246408939362, -0.14651663601398468, -0.13919080793857574, -0.13186496496200562, -0.12453913688659668, -0.11721330881118774, -0.10988748073577881, -0.10256164520978928, -0.09523580968379974, -0.08790998160839081, -0.08058415353298187, -0.07325831800699234, -0.06593248248100281, -0.05860665440559387, -0.05128082260489464, -0.043954990804195404, -0.03662915900349617, -0.029303327202796936, -0.021977495402097702, -0.014651663601398468, -0.007325831800699234, 0.0, 0.007325831800699234, 0.014651663601398468, 0.021977495402097702, 0.029303327202796936, 0.03662915900349617, 0.043954990804195404, 0.05128082260489464, 0.05860665440559387, 0.06593248248100281, 0.07325831800699234, 0.08058415353298187, 0.08790998160839081, 0.09523580968379974, 0.10256164520978928, 0.10988748073577881, 0.11721330881118774, 0.12453913688659668, 0.13186496496200562, 0.13919080793857574, 0.14651663601398468, 0.15384246408939362, 0.16116830706596375, 0.16849413514137268, 0.17581996321678162, 0.18314579129219055, 0.1904716193675995, 0.19779746234416962, 0.20512329041957855, 0.2124491184949875, 0.21977496147155762, 0.22710078954696655, 0.2344266176223755]}, "gradients/fc4.weight": {"_type": "histogram", "values": [1.0, 0.0, 1.0, 0.0, 0.0, 0.0, 0.0, 0.0, 0.0, 0.0, 1.0, 0.0, 0.0, 0.0, 0.0, 0.0, 1.0, 0.0, 0.0, 0.0, 0.0, 0.0, 0.0, 0.0, 1.0, 0.0, 1.0, 2.0, 0.0, 3.0, 3.0, 11.0, 89.0, 3.0, 3.0, 0.0, 2.0, 1.0, 0.0, 1.0, 0.0, 0.0, 0.0, 0.0, 0.0, 0.0, 0.0, 1.0, 0.0, 0.0, 0.0, 0.0, 0.0, 1.0, 0.0, 0.0, 0.0, 0.0, 0.0, 0.0, 0.0, 1.0, 0.0, 1.0], "bins": [-0.14338786900043488, -0.13890700042247772, -0.13442613184452057, -0.12994524836540222, -0.12546437978744507, -0.12098351120948792, -0.11650264263153076, -0.11202177405357361, -0.10754090547561646, -0.1030600368976593, -0.09857916086912155, -0.0940982922911644, -0.08961742371320724, -0.0851365476846695, -0.08065567910671234, -0.07617481052875519, -0.07169393450021744, -0.06721306592226028, -0.06273218989372253, -0.05825132131576538, -0.05377045273780823, -0.049289580434560776, -0.044808708131313324, -0.04032783955335617, -0.03584696352481842, -0.03136609122157097, -0.026885222643613815, -0.022404350340366364, -0.01792347989976406, -0.013442609459161758, -0.008961737155914307, -0.004480868577957153, 0.0, 0.00448087090626359, 0.00896174181252718, 0.013442613184452057, 0.01792348362505436, 0.022404354065656662, 0.026885226368904114, 0.03136609494686127, 0.03584696352481842, 0.04032783582806587, 0.044808704406023026, 0.04928957670927048, 0.05377044528722763, 0.05825131759047508, 0.06273218989372253, 0.06721305847167969, 0.07169393450021744, 0.07617480307817459, 0.08065567910671234, 0.0851365476846695, 0.08961741626262665, 0.0940982848405838, 0.09857916086912155, 0.1030600294470787, 0.10754090547561646, 0.11202177405357361, 0.11650265008211136, 0.12098351866006851, 0.12546439468860626, 0.12994526326656342, 0.13442613184452057, 0.13890700042247772, 0.14338786900043488]}, "gradients/fc3.bias": {"_type": "histogram", "values": [1.0, 0.0, 0.0, 0.0, 0.0, 0.0, 0.0, 0.0, 0.0, 0.0, 0.0, 0.0, 0.0, 0.0, 0.0, 0.0, 0.0, 0.0, 0.0, 1.0, 0.0, 0.0, 1.0, 0.0, 0.0, 0.0, 1.0, 0.0, 0.0, 0.0, 0.0, 0.0, 0.0, 1.0, 1.0, 2.0, 1.0, 0.0, 0.0, 0.0, 0.0, 2.0, 0.0, 0.0, 1.0, 1.0, 2.0, 0.0, 0.0, 41.0, 2.0, 0.0, 2.0, 1.0, 1.0, 0.0, 1.0, 0.0, 0.0, 0.0, 0.0, 0.0, 0.0, 1.0], "bins": [-0.02836778573691845, -0.027798127382993698, -0.027228467166423798, -0.026658808812499046, -0.026089150458574295, -0.025519490242004395, -0.024949831888079643, -0.024380173534154892, -0.02381051331758499, -0.02324085496366024, -0.02267119474709034, -0.02210153639316559, -0.021531878039240837, -0.020962219685316086, -0.020392559468746185, -0.019822901114821434, -0.019253242760896683, -0.01868358440697193, -0.01811392419040203, -0.01754426583647728, -0.01697460748255253, -0.016404949128627777, -0.015835288912057877, -0.015265630558133125, -0.0146959712728858, -0.014126311987638474, -0.013556653633713722, -0.012986994348466396, -0.01241733506321907, -0.01184767670929432, -0.011278017424046993, -0.010708358138799667, -0.010138697922229767, -0.009569038636982441, -0.00899938028305769, -0.008429720997810364, -0.007860062643885612, -0.007290403358638287, -0.006720744073390961, -0.006151085253804922, -0.0055814264342188835, -0.005011767614632845, -0.004442108795046806, -0.0038724495097994804, -0.003302790690213442, -0.0027331318706274033, -0.002163472818210721, -0.0015938137657940388, -0.0010241549462080002, -0.00045449601020663977, 0.00011516292579472065, 0.0006848218617960811, 0.0012544807977974415, 0.00182413961738348, 0.0023937986698001623, 0.0029634577222168446, 0.003533116541802883, 0.004102775361388922, 0.00467243418097496, 0.005242093466222286, 0.005811752285808325, 0.006381411105394363, 0.006951070390641689, 0.007520729210227728, 0.008090388029813766]}, "gradients/fc3.weight": {"_type": "histogram", "values": [1.0, 0.0, 0.0, 0.0, 0.0, 0.0, 0.0, 0.0, 0.0, 0.0, 0.0, 0.0, 0.0, 0.0, 0.0, 0.0, 1.0, 1.0, 0.0, 0.0, 0.0, 0.0, 1.0, 0.0, 0.0, 0.0, 0.0, 1.0, 1.0, 1.0, 3.0, 4.0, 3.0, 3.0, 1.0, 1.0, 0.0, 0.0, 0.0, 0.0, 5.0, 4.0, 4.0, 4.0, 12.0, 10.0, 6.0, 8.0, 10.0, 22.0, 25.0, 56.0, 7864.0, 99.0, 27.0, 8.0, 1.0, 0.0, 4.0, 0.0, 0.0, 0.0, 0.0, 1.0], "bins": [-0.20586054027080536, -0.20195917785167694, -0.19805780053138733, -0.1941564381122589, -0.1902550756931305, -0.18635369837284088, -0.18245233595371246, -0.17855095863342285, -0.17464959621429443, -0.17074823379516602, -0.1668468564748764, -0.16294549405574799, -0.15904411673545837, -0.15514275431632996, -0.15124139189720154, -0.14734001457691193, -0.1434386521577835, -0.1395372897386551, -0.13563591241836548, -0.13173454999923706, -0.12783318758010864, -0.12393181025981903, -0.12003044784069061, -0.1161290779709816, -0.11222770810127258, -0.10832633823156357, -0.10442496836185455, -0.10052360594272614, -0.09662223607301712, -0.0927208662033081, -0.08881950378417969, -0.08491813391447067, -0.08101676404476166, -0.07711539417505264, -0.07321402430534363, -0.06931266188621521, -0.0654112920165062, -0.06150992214679718, -0.057608556002378464, -0.05370718985795975, -0.049805816262960434, -0.04590445011854172, -0.0420030802488327, -0.03810171037912369, -0.03420034423470497, -0.030298976227641106, -0.02639760822057724, -0.022496240213513374, -0.01859487220644951, -0.014693504199385643, -0.010792136192321777, -0.006890768185257912, -0.002989400178194046, 0.0009119678288698196, 0.004813335835933685, 0.008714703842997551, 0.012616071850061417, 0.016517439857125282, 0.020418807864189148, 0.024320175871253014, 0.02822154387831688, 0.032122910022735596, 0.03602427989244461, 0.039925649762153625, 0.04382701590657234]}, "gradients/fc2.bias": {"_type": "histogram", "values": [1.0, 0.0, 0.0, 0.0, 0.0, 0.0, 0.0, 0.0, 1.0, 2.0, 0.0, 2.0, 0.0, 3.0, 0.0, 1.0, 0.0, 0.0, 0.0, 1.0, 0.0, 3.0, 91.0, 6.0, 3.0, 3.0, 2.0, 4.0, 1.0, 2.0, 0.0, 0.0, 0.0, 0.0, 0.0, 0.0, 0.0, 1.0, 0.0, 0.0, 0.0, 0.0, 0.0, 0.0, 0.0, 0.0, 0.0, 0.0, 0.0, 0.0, 0.0, 0.0, 0.0, 0.0, 0.0, 0.0, 0.0, 0.0, 0.0, 0.0, 0.0, 0.0, 0.0, 1.0],