{"loss": 0.2364567518234253, "_timestamp": 1660489064.9616675, "_runtime": 160.5605034828186, "_step": 399, "gradients/fc4.bias": {"_type": "histogram", "values": [1.0, 0.0, 0.0, 0.0, 0.0, 0.0, 0.0, 0.0, 0.0, 0.0, 0.0, 0.0, 0.0, 0.0, 0.0, 0.0, 0.0, 0.0, 0.0, 0.0, 0.0, 0.0, 0.0, 0.0, 0.0, 0.0, 0.0, 0.0, 0.0, 0.0, 0.0, 0.0, 0.0, 0.0, 0.0, 0.0, 0.0, 0.0, 0.0, 0.0, 0.0, 0.0, 0.0, 0.0, 0.0, 0.0, 0.0, 0.0, 0.0, 0.0, 0.0, 0.0, 0.0, 0.0, 0.0, 0.0, 0.0, 0.0, 0.0, 0.0, 0.0, 0.0, 0.0, 1.0], "bins": [-0.22590774297714233, -0.2188481241464615, -0.21178850531578064, -0.2047288864850998, -0.19766926765441895, -0.1906096637248993, -0.18355004489421844, -0.1764904260635376, -0.16943080723285675, -0.1623711884021759, -0.15531156957149506, -0.1482519507408142, -0.14119234681129456, -0.13413271307945251, -0.12707310914993286, -0.12001349031925201, -0.11295387148857117, -0.10589425265789032, -0.09883463382720947, -0.09177502244710922, -0.08471540361642838, -0.07765578478574753, -0.07059617340564728, -0.06353655457496643, -0.056476935744285583, -0.049417316913604736, -0.04235770180821419, -0.03529808670282364, -0.028238467872142792, -0.021178849041461945, -0.014119233936071396, -0.007059618830680847, 0.0, 0.007059616968035698, 0.014119233936071396, 0.021178850904107094, 0.028238467872142792, 0.03529808670282364, 0.04235770180821419, 0.049417316913604736, 0.056476935744285583, 0.06353655457496643, 0.07059617340564728, 0.07765578478574753, 0.08471540361642838, 0.09177502244710922, 0.09883463382720947, 0.10589425265789032, 0.11295387148857117, 0.12001349031925201, 0.12707310914993286, 0.1341327279806137, 0.14119234681129456, 0.1482519507408142, 0.15531156957149506, 0.1623711884021759, 0.16943080723285675, 0.1764904260635376, 0.18355004489421844, 0.1906096637248993, 0.19766926765441895, 0.204728901386261, 0.21178850531578064, 0.2188481241464615, 0.22590774297714233]}, "gradients/fc4.weight": {"_type": "histogram", "values": [1.0, 0.0, 0.0, 0.0, 0.0, 0.0, 2.0, 0.0, 0.0, 0.0, 0.0, 0.0, 0.0, 0.0, 0.0, 0.0, 0.0, 0.0, 1.0, 0.0, 0.0, 0.0, 1.0, 0.0, 0.0, 1.0, 2.0, 0.0, 0.0, 2.0, 1.0, 13.0, 93.0, 1.0, 2.0, 0.0, 0.0, 2.0, 1.0, 0.0, 0.0, 1.0, 0.0, 0.0, 0.0, 1.0, 0.0, 0.0, 0.0, 0.0, 0.0, 0.0, 0.0, 0.0, 0.0, 0.0, 0.0, 2.0, 0.0, 0.0, 0.0, 0.0, 0.0, 1.0], "bins": [-0.15531761944293976, -0.15046393871307373, -0.1456102728843689, -0.14075659215450287, -0.13590291142463684, -0.131049245595932, -0.12619556486606598, -0.12134189158678055, -0.11648821830749512, -0.11163454502820969, -0.10678086429834366, -0.10192719101905823, -0.0970735177397728, -0.09221984446048737, -0.08736616373062134, -0.08251249045133591, -0.07765880972146988, -0.07280513644218445, -0.06795145571231842, -0.06309778243303299, -0.05824410915374756, -0.05339043214917183, -0.0485367551445961, -0.04368308186531067, -0.03882940113544464, -0.03397572413086891, -0.02912205085158348, -0.02426837384700775, -0.01941469870507717, -0.014561023563146591, -0.009707346558570862, -0.004853673279285431, 0.0, 0.0048536756075918674, 0.009707351215183735, 0.01456102728843689, 0.01941470243036747, 0.02426837757229805, 0.02912205457687378, 0.03397572785615921, 0.03882940113544464, 0.04368307814002037, 0.0485367514193058, 0.05339042842388153, 0.05824410170316696, 0.06309777498245239, 0.06795145571231842, 0.07280512899160385, 0.07765880972146988, 0.08251248300075531, 0.08736616373062134, 0.09221983700990677, 0.0970735102891922, 0.10192719101905823, 0.10678086429834366, 0.11163453757762909, 0.11648821830749512, 0.12134189158678055, 0.12619556486606598, 0.131049245595932, 0.13590292632579803, 0.14075659215450287, 0.1456102728843689, 0.15046393871307373, 0.15531761944293976]}, "gradients/fc3.bias": {"_type": "histogram", "values": [1.0, 0.0, 0.0, 0.0, 0.0, 0.0, 0.0, 0.0, 0.0, 0.0, 0.0, 0.0, 0.0, 0.0, 0.0, 0.0, 0.0, 0.0, 0.0, 1.0, 0.0, 0.0, 1.0, 0.0, 1.0, 0.0, 0.0, 1.0, 0.0, 1.0, 0.0, 0.0, 0.0, 0.0, 0.0, 0.0, 1.0, 0.0, 2.0, 0.0, 0.0, 0.0, 1.0, 0.0, 0.0, 0.0, 0.0, 0.0, 1.0, 2.0, 1.0, 1.0, 2.0, 1.0, 42.0, 0.0, 2.0, 0.0, 0.0, 0.0, 0.0, 0.0, 1.0, 1.0], "bins": [-0.029492363333702087, -0.028947804123163223, -0.02840324491262436, -0.027858687564730644, -0.02731412835419178, -0.026769569143652916, -0.0262250117957592, -0.025680452585220337, -0.025135893374681473, -0.02459133416414261, -0.024046774953603745, -0.02350221760571003, -0.022957658395171165, -0.0224130991846323, -0.021868541836738586, -0.021323982626199722, -0.020779423415660858, -0.020234864205121994, -0.01969030499458313, -0.019145747646689415, -0.01860118843615055, -0.018056629225611687, -0.017512071877717972, -0.016967512667179108, -0.016422953456640244, -0.01587839424610138, -0.01533383596688509, -0.0147892776876688, -0.014244718477129936, -0.013700159266591072, -0.013155600987374783, -0.012611042708158493, -0.012066482566297054, -0.011521924287080765, -0.0109773650765419, -0.010432805866003036, -0.009888247586786747, -0.009343689307570457, -0.008799130097031593, -0.00825457088649273, -0.00771001260727644, -0.007165453862398863, -0.006620895117521286, -0.006076336372643709, -0.005531777627766132, -0.0049872188828885555, -0.004442660138010979, -0.003898101393133402, -0.003353542648255825, -0.002808983903378248, -0.0022644251585006714, -0.0017198664136230946, -0.0011753076687455177, -0.0006307489238679409, -8.619017899036407e-05, 0.00045836856588721275, 0.0010029273107647896, 0.0015474860556423664, 0.0020920448005199432, 0.00263660354539752, 0.003181162290275097, 0.0037257210351526737, 0.0042702797800302505, 0.004814838524907827, 0.005359397269785404]}, "gradients/fc3.weight": {"_type": "histogram", "values": [1.0, 0.0, 0.0, 1.0, 0.0, 0.0, 0.0, 0.0, 0.0, 0.0, 1.0, 0.0, 0.0, 0.0, 1.0, 0.0, 1.0, 0.0, 1.0, 0.0, 0.0, 1.0, 0.0, 0.0, 0.0, 0.0, 3.0, 5.0, 2.0, 0.0, 1.0, 4.0, 3.0, 3.0, 5.0, 2.0, 6.0, 5.0, 3.0, 6.0, 3.0, 15.0, 17.0, 27.0, 25.0, 46.0, 190.0, 7761.0, 30.0, 8.0, 5.0, 3.0, 1.0, 1.0, 2.0, 1.0, 0.0, 0.0, 1.0, 0.0, 0.0, 0.0, 0.0, 1.0], "bins": [-0.1311841905117035, -0.12840615212917328, -0.12562812864780426, -0.12285009026527405, -0.12007205933332443, -0.11729402840137482, -0.1145159900188446, -0.11173795908689499, -0.10895992815494537, -0.10618189722299576, -0.10340385884046555, -0.10062582790851593, -0.09784779697656631, -0.0950697660446167, -0.09229172766208649, -0.08951369673013687, -0.08673565834760666, -0.08395762741565704, -0.08117958903312683, -0.07840155810117722, -0.0756235271692276, -0.07284548878669739, -0.07006745785474777, -0.06728942692279816, -0.06451138854026794, -0.06173335388302803, -0.058955322951078415, -0.0561772882938385, -0.053399257361888885, -0.05062122270464897, -0.04784318804740906, -0.04506515711545944, -0.042287133634090424, -0.03950909897685051, -0.036731068044900894, -0.03395303338766098, -0.031175000593066216, -0.02839696779847145, -0.025618933141231537, -0.022840900346636772, -0.020062871277332306, -0.01728483848273754, -0.014506804756820202, -0.011728771030902863, -0.008950738236308098, -0.006172705441713333, -0.003394670784473419, -0.0006166379898786545, 0.0021613985300064087, 0.004939431790262461, 0.007717465050518513, 0.010495498776435852, 0.013273531571030617, 0.01605156436562538, 0.018829599022865295, 0.02160763181746006, 0.024385664612054825, 0.02716369740664959, 0.029941730201244354, 0.03271976485848427, 0.03549779951572418, 0.0382758304476738, 0.04105386510491371, 0.043831899762153625, 0.04660993069410324]}, "gradients/fc2.bias": {"_type": "histogram", "values": [1.0, 0.0, 0.0, 0.0, 0.0, 0.0, 0.0, 0.0, 0.0, 0.0, 0.0, 0.0, 0.0, 0.0, 0.0, 0.0, 1.0, 0.0, 0.0, 0.0, 1.0, 0.0, 0.0, 0.0, 0.0, 0.0, 1.0, 0.0, 0.0, 0.0, 0.0, 0.0, 0.0, 1.0, 1.0, 2.0, 1.0, 1.0, 0.0, 0.0, 0.0, 0.0, 1.0, 0.0, 0.0, 2.0, 1.0, 1.0, 1.0, 4.0, 5.0, 82.0, 5.0, 2.0, 4.0, 2.0, 1.0, 1.0, 1.0, 0.0, 1.0, 1.0, 1.0, 2.0],