{"loss": 0.22610333561897278, "_timestamp": 1660488556.5690212, "_runtime": 134.55687427520752, "_step": 399, "gradients/fc4.bias": {"_type": "histogram", "values": [1.0, 0.0, 0.0, 0.0, 0.0, 0.0, 0.0, 0.0, 0.0, 0.0, 0.0, 0.0, 0.0, 0.0, 0.0, 0.0, 0.0, 0.0, 0.0, 0.0, 0.0, 0.0, 0.0, 0.0, 0.0, 0.0, 0.0, 0.0, 0.0, 0.0, 0.0, 0.0, 0.0, 0.0, 0.0, 0.0, 0.0, 0.0, 0.0, 0.0, 0.0, 0.0, 0.0, 0.0, 0.0, 0.0, 0.0, 0.0, 0.0, 0.0, 0.0, 0.0, 0.0, 0.0, 0.0, 0.0, 0.0, 0.0, 0.0, 0.0, 0.0, 0.0, 0.0, 1.0], "bins": [-0.211858868598938, -0.20523828268051147, -0.19861769676208496, -0.19199709594249725, -0.18537651002407074, -0.17875592410564423, -0.17213532328605652, -0.16551473736763, -0.1588941514492035, -0.15227356553077698, -0.14565297961235046, -0.13903237879276276, -0.13241179287433624, -0.12579120695590973, -0.11917061358690262, -0.11255002021789551, -0.105929434299469, -0.09930884838104248, -0.09268825501203537, -0.08606766164302826, -0.07944707572460175, -0.07282648980617523, -0.06620589643716812, -0.05958530679345131, -0.0529647171497345, -0.046344127506017685, -0.03972353786230087, -0.03310294821858406, -0.02648235857486725, -0.019861768931150436, -0.013241179287433624, -0.006620589643716812, 0.0, 0.006620589643716812, 0.013241179287433624, 0.019861768931150436, 0.02648235857486725, 0.03310294821858406, 0.03972353786230087, 0.046344127506017685, 0.0529647171497345, 0.05958530679345131, 0.06620589643716812, 0.07282648980617523, 0.07944707572460175, 0.08606766164302826, 0.09268825501203537, 0.09930884838104248, 0.105929434299469, 0.11255002021789551, 0.11917061358690262, 0.12579120695590973, 0.13241179287433624, 0.13903237879276276, 0.14565297961235046, 0.15227356553077698, 0.1588941514492035, 0.16551473736763, 0.17213532328605652, 0.17875592410564423, 0.18537651002407074, 0.19199709594249725, 0.19861769676208496, 0.20523828268051147, 0.211858868598938]}, "gradients/fc4.weight": {"_type": "histogram", "values": [2.0, 1.0, 0.0, 0.0, 0.0, 0.0, 0.0, 2.0, 1.0, 1.0, 2.0, 1.0, 1.0, 2.0, 2.0, 1.0, 2.0, 1.0, 2.0, 2.0, 3.0, 0.0, 1.0, 1.0, 1.0, 1.0, 2.0, 1.0, 7.0, 1.0, 4.0, 4.0, 34.0, 4.0, 1.0, 7.0, 1.0, 2.0, 1.0, 1.0, 1.0, 1.0, 0.0, 3.0, 2.0, 2.0, 1.0, 2.0, 1.0, 2.0, 2.0, 1.0, 1.0, 2.0, 1.0, 1.0, 2.0, 0.0, 0.0, 0.0, 0.0, 0.0, 1.0, 2.0], "bins": [-0.027268461883068085, -0.026416322216391563, -0.025564182549715042, -0.02471204288303852, -0.023859903216362, -0.023007765412330627, -0.022155625745654106, -0.021303486078977585, -0.020451346412301064, -0.019599206745624542, -0.01874706707894802, -0.0178949274122715, -0.017042789608240128, -0.016190648078918457, -0.015338510274887085, -0.014486370608210564, -0.013634230941534042, -0.012782091274857521, -0.011929951608181, -0.011077812872827053, -0.010225673206150532, -0.00937353353947401, -0.008521394804120064, -0.0076692551374435425, -0.006817115470767021, -0.0059649758040905, -0.005112836603075266, -0.004260697402060032, -0.0034085577353835106, -0.0025564180687069893, -0.0017042788676917553, -0.0008521396666765213, 0.0, 0.0008521394338458776, 0.0017042788676917553, 0.002556418301537633, 0.0034085577353835106, 0.004260697402060032, 0.005112836603075266, 0.0059649758040905, 0.006817115470767021, 0.0076692551374435425, 0.008521394804120064, 0.00937353353947401, 0.010225673206150532, 0.011077812872827053, 0.011929951608181, 0.012782091274857521, 0.013634230941534042, 0.014486370608210564, 0.015338510274887085, 0.016190649941563606, 0.017042789608240128, 0.0178949274122715, 0.01874706707894802, 0.019599206745624542, 0.020451346412301064, 0.021303486078977585, 0.022155625745654106, 0.023007765412330627, 0.023859903216362, 0.02471204474568367, 0.025564182549715042, 0.026416322216391563, 0.027268461883068085]}, "gradients/fc3.bias": {"_type": "histogram", "values": [1.0, 1.0, 1.0, 0.0, 0.0, 0.0, 0.0, 0.0, 0.0, 0.0, 0.0, 0.0, 0.0, 0.0, 0.0, 0.0, 1.0, 0.0, 0.0, 0.0, 1.0, 0.0, 1.0, 1.0, 0.0, 0.0, 0.0, 1.0, 2.0, 0.0, 0.0, 1.0, 1.0, 0.0, 0.0, 5.0, 0.0, 4.0, 5.0, 22.0, 2.0, 4.0, 0.0, 2.0, 0.0, 0.0, 0.0, 0.0, 0.0, 1.0, 0.0, 1.0, 0.0, 0.0, 2.0, 1.0, 2.0, 0.0, 0.0, 0.0, 0.0, 0.0, 0.0, 1.0], "bins": [-0.08365178108215332, -0.0815228670835495, -0.07939396053552628, -0.07726504653692245, -0.07513613998889923, -0.07300722599029541, -0.07087831199169159, -0.06874940544366837, -0.06662049144506454, -0.06449157744646072, -0.0623626708984375, -0.06023375689983368, -0.05810484662652016, -0.055975936353206635, -0.053847022354602814, -0.05171811208128929, -0.04958920180797577, -0.04746029153466225, -0.045331381261348724, -0.043202467262744904, -0.04107355698943138, -0.03894464671611786, -0.03681573271751404, -0.034686822444200516, -0.03255791217088699, -0.03042900189757347, -0.0283000897616148, -0.026171177625656128, -0.024042267352342606, -0.021913357079029083, -0.01978444494307041, -0.01765553280711174, -0.015526629984378815, -0.013397718779742718, -0.01126880757510662, -0.009139896370470524, -0.007010985165834427, -0.00488207396119833, -0.002753162756562233, -0.000624251551926136, 0.001504659652709961, 0.003633570857346058, 0.005762482061982155, 0.007891393266618252, 0.010020304471254349, 0.012149215675890446, 0.014278126880526543, 0.016407039016485214, 0.018535949289798737, 0.02066485956311226, 0.02279377169907093, 0.024922683835029602, 0.027051594108343124, 0.029180504381656647, 0.03130941838026047, 0.03343832865357399, 0.03556723892688751, 0.037696149200201035, 0.03982505947351456, 0.04195397347211838, 0.0440828837454319, 0.04621179401874542, 0.04834070801734924, 0.050469618290662766, 0.05259852856397629]}, "gradients/fc3.weight": {"_type": "histogram", "values": [1.0, 0.0, 0.0, 1.0, 1.0, 0.0, 1.0, 0.0, 0.0, 2.0, 0.0, 1.0, 2.0, 1.0, 3.0, 1.0, 3.0, 4.0, 6.0, 4.0, 7.0, 10.0, 16.0, 21.0, 22.0, 30.0, 41.0, 48.0, 95.0, 175.0, 7380.0, 109.0, 52.0, 39.0, 29.0, 15.0, 14.0, 10.0, 7.0, 8.0, 7.0, 3.0, 4.0, 5.0, 3.0, 4.0, 2.0, 0.0, 1.0, 3.0, 0.0, 0.0, 0.0, 0.0, 0.0, 0.0, 0.0, 0.0, 0.0, 0.0, 0.0, 0.0, 0.0, 1.0], "bins": [-0.04202529788017273, -0.04063603654503822, -0.03924677520990372, -0.03785751387476921, -0.036468252539634705, -0.0350789912045002, -0.03368972986936569, -0.032300472259521484, -0.03091120906174183, -0.029521947726607323, -0.028132686391472816, -0.02674342691898346, -0.025354165583848953, -0.023964904248714447, -0.02257564291357994, -0.021186381578445435, -0.01979712024331093, -0.018407858908176422, -0.017018597573041916, -0.01562933623790741, -0.014240075834095478, -0.012850814498960972, -0.01146155409514904, -0.010072292760014534, -0.008683033287525177, -0.007293771952390671, -0.005904511082917452, -0.004515250213444233, -0.0031259888783097267, -0.0017367275431752205, -0.0003474671393632889, 0.0010417941957712173, 0.002431057393550873, 0.0038203184958547354, 0.005209579598158598, 0.006598840467631817, 0.007988101802766323, 0.00937736313790083, 0.010766623541712761, 0.012155884876847267, 0.013545148074626923, 0.014934409409761429, 0.016323670744895935, 0.01771293208003044, 0.019102193415164948, 0.020491454750299454, 0.02188071422278881, 0.023269975557923317, 0.024659235030412674, 0.02604849636554718, 0.027437757700681686, 0.028827019035816193, 0.0302162803709507, 0.031605541706085205, 0.03299479931592941, 0.03438406437635422, 0.035773321986198425, 0.03716258332133293, 0.03855184465646744, 0.039941105991601944, 0.04133036732673645, 0.042719628661870956, 0.04410888999700546, 0.04549814760684967, 0.046887412667274475]}, "gradients/fc2.bias": {"_type": "histogram", "values": [1.0, 0.0, 0.0, 0.0, 0.0, 0.0, 0.0, 0.0, 0.0, 1.0, 0.0, 0.0, 0.0, 0.0, 0.0, 1.0, 0.0, 0.0, 0.0, 1.0, 1.0, 1.0, 0.0, 0.0, 1.0, 2.0, 0.0, 1.0, 0.0, 2.0, 3.0, 2.0, 1.0, 96.0, 2.0, 1.0, 0.0, 2.0, 2.0, 0.0, 1.0, 1.0, 0.0, 1.0, 0.0, 1.0, 1.0, 0.0, 0.0, 0.0, 0.0, 0.0, 0.0, 0.0, 0.0, 0.0, 0.0, 0.0, 1.0, 0.0, 0.0, 0.0, 0.0, 1.0],