{"loss": 0.23006629943847656, "_timestamp": 1660488913.1325417, "_runtime": 226.6051206588745, "_step": 399, "gradients/fc4.bias": {"_type": "histogram", "values": [1.0, 0.0, 0.0, 0.0, 0.0, 0.0, 0.0, 0.0, 0.0, 0.0, 0.0, 0.0, 0.0, 0.0, 0.0, 0.0, 0.0, 0.0, 0.0, 0.0, 0.0, 0.0, 0.0, 0.0, 0.0, 0.0, 0.0, 0.0, 0.0, 0.0, 0.0, 0.0, 0.0, 0.0, 0.0, 0.0, 0.0, 0.0, 0.0, 0.0, 0.0, 0.0, 0.0, 0.0, 0.0, 0.0, 0.0, 0.0, 0.0, 0.0, 0.0, 0.0, 0.0, 0.0, 0.0, 0.0, 0.0, 0.0, 0.0, 0.0, 0.0, 0.0, 0.0, 1.0], "bins": [-0.22260524332523346, -0.2156488299369812, -0.20869241654872894, -0.20173600316047668, -0.19477958977222443, -0.18782317638397217, -0.1808667629957199, -0.17391034960746765, -0.1669539362192154, -0.15999752283096313, -0.15304110944271088, -0.14608469605445862, -0.13912828266620636, -0.1321718692779541, -0.12521545588970184, -0.11825904250144958, -0.11130262166261673, -0.10434620827436447, -0.09738979488611221, -0.09043338149785995, -0.0834769681096077, -0.07652054727077484, -0.06956413388252258, -0.06260772049427032, -0.055651307106018066, -0.04869489371776581, -0.04173848032951355, -0.03478206694126129, -0.027825651690363884, -0.020869236439466476, -0.013912823051214218, -0.00695640966296196, 0.0, 0.006956413853913546, 0.013912827707827091, 0.020869242027401924, 0.027825655415654182, 0.03478207066655159, 0.04173848405480385, 0.04869489744305611, 0.055651307106018066, 0.06260772049427032, 0.06956413388252258, 0.07652054727077484, 0.0834769606590271, 0.09043337404727936, 0.09738978743553162, 0.10434620082378387, 0.11130262166261673, 0.11825903505086899, 0.12521545588970184, 0.1321718692779541, 0.13912828266620636, 0.14608469605445862, 0.15304110944271088, 0.15999752283096313, 0.1669539362192154, 0.17391034960746765, 0.1808667629957199, 0.18782317638397217, 0.19477958977222443, 0.20173600316047668, 0.20869241654872894, 0.2156488299369812, 0.22260524332523346]}, "gradients/fc4.weight": {"_type": "histogram", "values": [1.0, 1.0, 0.0, 0.0, 0.0, 0.0, 0.0, 0.0, 0.0, 0.0, 0.0, 0.0, 0.0, 0.0, 0.0, 0.0, 1.0, 0.0, 2.0, 0.0, 0.0, 0.0, 2.0, 2.0, 1.0, 4.0, 8.0, 3.0, 7.0, 4.0, 7.0, 4.0, 38.0, 7.0, 4.0, 7.0, 3.0, 8.0, 4.0, 1.0, 2.0, 2.0, 0.0, 0.0, 0.0, 2.0, 0.0, 1.0, 0.0, 0.0, 0.0, 0.0, 0.0, 0.0, 0.0, 0.0, 0.0, 0.0, 0.0, 0.0, 0.0, 0.0, 1.0, 1.0], "bins": [-0.06944754719734192, -0.06727731227874756, -0.0651070773601532, -0.06293684244155884, -0.06076660379767418, -0.05859636887907982, -0.05642613023519516, -0.0542558953166008, -0.05208566039800644, -0.04991542547941208, -0.04774519056081772, -0.04557495191693306, -0.0434047169983387, -0.04123448207974434, -0.03906424343585968, -0.03689400851726532, -0.03472377359867096, -0.0325535386800766, -0.03038330189883709, -0.02821306511759758, -0.02604283019900322, -0.02387259528040886, -0.02170235849916935, -0.01953212171792984, -0.01736188679933548, -0.015191650949418545, -0.01302141509950161, -0.010851179249584675, -0.00868094339966774, -0.006510707549750805, -0.00434047169983387, -0.002170235849916935, 0.0, 0.002170235849916935, 0.00434047169983387, 0.006510707549750805, 0.00868094339966774, 0.010851179249584675, 0.01302141509950161, 0.015191650949418545, 0.01736188679933548, 0.01953212171792984, 0.02170235849916935, 0.02387259528040886, 0.02604283019900322, 0.02821306511759758, 0.03038330189883709, 0.0325535386800766, 0.03472377359867096, 0.03689400851726532, 0.03906424343585968, 0.04123448207974434, 0.0434047169983387, 0.04557495191693306, 0.04774519056081772, 0.04991542547941208, 0.05208566039800644, 0.0542558953166008, 0.05642613023519516, 0.05859636887907982, 0.06076660379767418, 0.06293684244155884, 0.0651070773601532, 0.06727731227874756, 0.06944754719734192]}, "gradients/fc3.bias": {"_type": "histogram", "values": [1.0, 0.0, 0.0, 0.0, 0.0, 0.0, 0.0, 1.0, 0.0, 0.0, 0.0, 0.0, 0.0, 0.0, 0.0, 0.0, 0.0, 0.0, 0.0, 0.0, 1.0, 0.0, 0.0, 0.0, 0.0, 0.0, 0.0, 0.0, 0.0, 0.0, 0.0, 0.0, 0.0, 0.0, 0.0, 0.0, 0.0, 3.0, 0.0, 0.0, 1.0, 0.0, 1.0, 3.0, 1.0, 2.0, 1.0, 4.0, 1.0, 6.0, 24.0, 4.0, 3.0, 3.0, 1.0, 0.0, 1.0, 1.0, 0.0, 0.0, 0.0, 0.0, 0.0, 1.0], "bins": [-0.17434574663639069, -0.1708674132823944, -0.16738909482955933, -0.16391077637672424, -0.16043244302272797, -0.1569541096687317, -0.1534757912158966, -0.14999747276306152, -0.14651913940906525, -0.14304080605506897, -0.1395624876022339, -0.1360841691493988, -0.13260583579540253, -0.12912750244140625, -0.12564918398857117, -0.12217085808515549, -0.11869253218173981, -0.11521420627832413, -0.11173588037490845, -0.10825755447149277, -0.10477922856807709, -0.10130090266466141, -0.09782257676124573, -0.09434425085783005, -0.09086592495441437, -0.08738759905099869, -0.08390927314758301, -0.08043094724416733, -0.07695262134075165, -0.07347429543733597, -0.06999596953392029, -0.06651764363050461, -0.06303931772708893, -0.05956099182367325, -0.05608266592025757, -0.05260434001684189, -0.04912601411342621, -0.04564768821001053, -0.04216936230659485, -0.03869103640317917, -0.03521271422505379, -0.03173438832163811, -0.028256062418222427, -0.024777736514806747, -0.021299410611391068, -0.017821084707975388, -0.014342758804559708, -0.010864432901144028, -0.007386106997728348, -0.003907781094312668, -0.0004294551908969879, 0.003048870712518692, 0.006527196615934372, 0.010005522519350052, 0.013483848422765732, 0.016962174326181412, 0.02044050022959709, 0.02391882613301277, 0.02739715203642845, 0.03087547793984413, 0.03435380384325981, 0.03783212974667549, 0.04131045565009117, 0.04478878155350685, 0.04826710745692253]}, "gradients/fc3.weight": {"_type": "histogram", "values": [1.0, 0.0, 0.0, 0.0, 0.0, 0.0, 0.0, 1.0, 0.0, 0.0, 0.0, 0.0, 0.0, 0.0, 0.0, 0.0, 0.0, 0.0, 0.0, 0.0, 0.0, 0.0, 0.0, 0.0, 0.0, 0.0, 0.0, 0.0, 0.0, 0.0, 1.0, 1.0, 1.0, 1.0, 1.0, 0.0, 0.0, 1.0, 0.0, 3.0, 4.0, 5.0, 9.0, 15.0, 22.0, 55.0, 7606.0, 319.0, 81.0, 23.0, 15.0, 9.0, 5.0, 3.0, 5.0, 0.0, 1.0, 1.0, 0.0, 1.0, 1.0, 0.0, 0.0, 1.0], "bins": [-0.15392190217971802, -0.1506405472755432, -0.1473592072725296, -0.1440778523683548, -0.1407965123653412, -0.13751515746116638, -0.13423380255699158, -0.13095246255397797, -0.12767110764980316, -0.12438976019620895, -0.12110841274261475, -0.11782705783843994, -0.11454571038484573, -0.11126436293125153, -0.10798301547765732, -0.10470166802406311, -0.1014203205704689, -0.0981389731168747, -0.09485762566328049, -0.09157627820968628, -0.08829492330551147, -0.08501357585191727, -0.08173222839832306, -0.07845088094472885, -0.07516953349113464, -0.07188818603754044, -0.06860683858394623, -0.06532548367977142, -0.062044136226177216, -0.05876278877258301, -0.0554814413189888, -0.05220009386539459, -0.04891873523592949, -0.04563738778233528, -0.042356036603450775, -0.03907468914985657, -0.03579334169626236, -0.03251199051737785, -0.029230643063783646, -0.02594929374754429, -0.022667940706014633, -0.019386591389775276, -0.01610524207353592, -0.012823894619941711, -0.009542545303702354, -0.0062611959874629974, -0.0029798485338687897, 0.0003015007823705673, 0.003582846373319626, 0.0068641952238976955, 0.010145544074475765, 0.013426892459392548, 0.016708241775631905, 0.01998959109187126, 0.02327093854546547, 0.026552287861704826, 0.029833637177944183, 0.03311498463153839, 0.0363963358104229, 0.039677683264017105, 0.04295903444290161, 0.04624038189649582, 0.04952172935009003, 0.052803076803684235, 0.05608442798256874]}, "gradients/fc2.bias": {"_type": "histogram", "values": [1.0, 0.0, 0.0, 0.0, 0.0, 0.0, 0.0, 0.0, 0.0, 0.0, 0.0, 0.0, 0.0, 0.0, 0.0, 0.0, 0.0, 0.0, 1.0, 0.0, 0.0, 0.0, 0.0, 0.0, 1.0, 0.0, 1.0, 3.0, 0.0, 0.0, 0.0, 1.0, 0.0, 0.0, 0.0, 0.0, 0.0, 0.0, 99.0, 3.0, 0.0, 2.0, 0.0, 1.0, 1.0, 0.0, 2.0, 2.0, 0.0, 2.0, 0.0, 1.0, 1.0, 0.0, 2.0, 0.0, 0.0, 0.0, 0.0, 1.0, 0.0, 0.0, 1.0, 2.0],