{"loss": 0.2225334644317627, "_timestamp": 1660489065.1516683, "_runtime": 161.21750020980835, "_step": 399, "gradients/fc4.bias": {"_type": "histogram", "values": [1.0, 0.0, 0.0, 0.0, 0.0, 0.0, 0.0, 0.0, 0.0, 0.0, 0.0, 0.0, 0.0, 0.0, 0.0, 0.0, 0.0, 0.0, 0.0, 0.0, 0.0, 0.0, 0.0, 0.0, 0.0, 0.0, 0.0, 0.0, 0.0, 0.0, 0.0, 0.0, 0.0, 0.0, 0.0, 0.0, 0.0, 0.0, 0.0, 0.0, 0.0, 0.0, 0.0, 0.0, 0.0, 0.0, 0.0, 0.0, 0.0, 0.0, 0.0, 0.0, 0.0, 0.0, 0.0, 0.0, 0.0, 0.0, 0.0, 0.0, 0.0, 0.0, 0.0, 1.0], "bins": [-0.2028917372226715, -0.1965513676404953, -0.1902109980583191, -0.18387064337730408, -0.17753027379512787, -0.17118990421295166, -0.16484953463077545, -0.15850916504859924, -0.15216881036758423, -0.14582844078540802, -0.1394880712032318, -0.1331477165222168, -0.1268073469400406, -0.12046697735786438, -0.11412660777568817, -0.10778623819351196, -0.10144586861133575, -0.09510549902915955, -0.08876513689756393, -0.08242476731538773, -0.07608440518379211, -0.0697440356016159, -0.0634036660194397, -0.05706330016255379, -0.05072292685508728, -0.04438256099820137, -0.03804219514131546, -0.03170182555913925, -0.02536145970225334, -0.01902109384536743, -0.012680724263191223, -0.006340358406305313, 0.0, 0.006340366788208485, 0.01268073357641697, 0.01902110129594803, 0.02536146715283394, 0.03170183300971985, 0.03804220259189606, 0.04438256844878197, 0.05072292685508728, 0.05706329271197319, 0.0634036585688591, 0.06974402815103531, 0.07608439028263092, 0.08242475986480713, 0.08876512944698334, 0.09510549902915955, 0.10144586861133575, 0.10778623819351196, 0.11412660032510757, 0.12046696990728378, 0.1268073320388794, 0.1331477016210556, 0.1394880712032318, 0.14582844078540802, 0.15216881036758423, 0.15850917994976044, 0.16484954953193665, 0.17118990421295166, 0.17753027379512787, 0.18387064337730408, 0.19021101295948029, 0.1965513825416565, 0.2028917372226715]}, "gradients/fc4.weight": {"_type": "histogram", "values": [1.0, 0.0, 0.0, 0.0, 0.0, 0.0, 0.0, 0.0, 0.0, 0.0, 0.0, 0.0, 0.0, 0.0, 2.0, 0.0, 0.0, 4.0, 0.0, 1.0, 2.0, 4.0, 2.0, 1.0, 1.0, 1.0, 2.0, 7.0, 5.0, 2.0, 6.0, 6.0, 40.0, 6.0, 2.0, 5.0, 7.0, 2.0, 1.0, 1.0, 1.0, 2.0, 4.0, 2.0, 1.0, 0.0, 4.0, 0.0, 0.0, 2.0, 0.0, 0.0, 0.0, 0.0, 0.0, 0.0, 0.0, 0.0, 0.0, 0.0, 0.0, 0.0, 0.0, 1.0], "bins": [-0.04942129924893379, -0.047876883298158646, -0.0463324673473835, -0.04478805139660835, -0.043243635445833206, -0.04169922322034836, -0.04015480726957321, -0.038610391318798065, -0.03706597536802292, -0.03552155941724777, -0.033977143466472626, -0.03243272751569748, -0.030888313427567482, -0.029343897476792336, -0.02779948152601719, -0.026255067437887192, -0.024710649624466896, -0.02316623367369175, -0.021621817722916603, -0.020077403634786606, -0.01853298768401146, -0.016988571733236313, -0.015444155782461166, -0.013899740763008595, -0.012355323880910873, -0.010810907930135727, -0.009266492910683155, -0.007722076959908009, -0.006177661474794149, -0.00463324598968029, -0.0030888300389051437, -0.0015444150194525719, 0.0, 0.001544415601529181, 0.003088831203058362, 0.004633246921002865, 0.006177662406116724, 0.007722077891230583, 0.00926649384200573, 0.010810908861458302, 0.012355323880910873, 0.01389973983168602, 0.015444154851138592, 0.016988571733236313, 0.01853298582136631, 0.020077401772141457, 0.021621817722916603, 0.0231662318110466, 0.024710649624466896, 0.026255065575242043, 0.02779948152601719, 0.029343895614147186, 0.030888311564922333, 0.03243272751569748, 0.033977143466472626, 0.03552155941724777, 0.03706597536802292, 0.038610391318798065, 0.04015480726957321, 0.04169922322034836, 0.043243639171123505, 0.04478805512189865, 0.0463324710726738, 0.047876883298158646, 0.04942129924893379]}, "gradients/fc3.bias": {"_type": "histogram", "values": [1.0, 0.0, 0.0, 0.0, 0.0, 0.0, 0.0, 0.0, 0.0, 0.0, 0.0, 0.0, 0.0, 0.0, 0.0, 0.0, 0.0, 0.0, 1.0, 0.0, 1.0, 0.0, 0.0, 1.0, 0.0, 0.0, 0.0, 0.0, 1.0, 1.0, 0.0, 0.0, 0.0, 0.0, 0.0, 0.0, 0.0, 1.0, 0.0, 3.0, 0.0, 1.0, 0.0, 0.0, 1.0, 3.0, 0.0, 3.0, 7.0, 27.0, 3.0, 0.0, 2.0, 1.0, 1.0, 0.0, 0.0, 0.0, 3.0, 1.0, 0.0, 0.0, 0.0, 1.0], "bins": [-0.14100578427314758, -0.13814331591129303, -0.13528084754943848, -0.13241839408874512, -0.12955592572689056, -0.126693457365036, -0.12383098900318146, -0.1209685280919075, -0.11810605973005295, -0.1152435913681984, -0.11238113045692444, -0.10951866209506989, -0.10665620118379593, -0.10379373282194138, -0.10093127191066742, -0.09806880354881287, -0.09520633518695831, -0.09234386682510376, -0.0894814059138298, -0.08661893755197525, -0.0837564766407013, -0.08089400827884674, -0.07803153991699219, -0.07516907900571823, -0.07230661809444427, -0.06944414973258972, -0.06658168882131577, -0.06371922045946121, -0.06085675582289696, -0.0579942911863327, -0.05513182654976845, -0.05226936191320419, -0.04940689355134964, -0.046544428914785385, -0.04368196427822113, -0.04081949591636658, -0.03795703127980232, -0.03509456664323807, -0.03223210200667381, -0.02936963550746441, -0.026507169008255005, -0.02364470437169075, -0.020782237872481346, -0.01791977323591709, -0.015057307668030262, -0.012194842100143433, -0.009332377463579178, -0.006469910964369774, -0.0036074481904506683, -0.0007449828553944826, 0.002117482479661703, 0.004979947581887245, 0.007842413149774075, 0.010704878717660904, 0.013567343354225159, 0.016429809853434563, 0.019292274489998817, 0.022154739126563072, 0.025017205625772476, 0.02787967026233673, 0.030742134898900986, 0.03360459953546524, 0.036467067897319794, 0.03932953253388405, 0.0421919971704483]}, "gradients/fc3.weight": {"_type": "histogram", "values": [1.0, 0.0, 0.0, 0.0, 0.0, 1.0, 0.0, 1.0, 1.0, 1.0, 3.0, 3.0, 4.0, 3.0, 4.0, 11.0, 6.0, 6.0, 10.0, 17.0, 27.0, 31.0, 34.0, 37.0, 65.0, 103.0, 7469.0, 76.0, 49.0, 35.0, 20.0, 17.0, 10.0, 12.0, 13.0, 10.0, 17.0, 14.0, 16.0, 9.0, 9.0, 10.0, 2.0, 6.0, 4.0, 3.0, 4.0, 3.0, 1.0, 2.0, 1.0, 3.0, 2.0, 1.0, 2.0, 0.0, 1.0, 0.0, 0.0, 0.0, 0.0, 1.0, 0.0, 1.0], "bins": [-0.03724569454789162, -0.03581748530268669, -0.03438927233219147, -0.03296106308698654, -0.031532853841781616, -0.030104640871286392, -0.028676431626081467, -0.027248220518231392, -0.025820009410381317, -0.024391798302531242, -0.022963587194681168, -0.021535377949476242, -0.020107166841626167, -0.018678955733776093, -0.017250746488571167, -0.015822535380721092, -0.014394324272871017, -0.012966113165020943, -0.011537902988493443, -0.010109692811965942, -0.008681481704115868, -0.00725327106192708, -0.005825060419738293, -0.0043968502432107925, -0.0029686391353607178, -0.0015404284931719303, -0.00011221785098314285, 0.0013159927912056446, 0.002744203433394432, 0.0041724140755832195, 0.005600624717772007, 0.007028834894299507, 0.008457046002149582, 0.009885257109999657, 0.011313467286527157, 0.012741677463054657, 0.014169888570904732, 0.015598099678754807, 0.017026308923959732, 0.018454520031809807, 0.01988273113965988, 0.021310942247509956, 0.02273915335536003, 0.024167362600564957, 0.02559557370841503, 0.027023784816265106, 0.028451994061470032, 0.029880205169320107, 0.03130841627717018, 0.03273662552237511, 0.03416483849287033, 0.035593047738075256, 0.03702125698328018, 0.038449469953775406, 0.03987767919898033, 0.041305892169475555, 0.04273410141468048, 0.044162310659885406, 0.04559052363038063, 0.047018732875585556, 0.04844694584608078, 0.049875155091285706, 0.05130336433649063, 0.05273157358169556, 0.05415978655219078]}, "gradients/fc2.bias": {"_type": "histogram", "values": [1.0, 0.0, 0.0, 0.0, 0.0, 0.0, 0.0, 0.0, 0.0, 0.0, 0.0, 0.0, 0.0, 0.0, 1.0, 0.0, 0.0, 1.0, 0.0, 0.0, 0.0, 0.0, 0.0, 0.0, 0.0, 0.0, 0.0, 0.0, 1.0, 0.0, 1.0, 0.0, 1.0, 0.0, 1.0, 1.0, 2.0, 2.0, 2.0, 100.0, 0.0, 1.0, 3.0, 1.0, 1.0, 0.0, 1.0, 1.0, 0.0, 1.0, 1.0, 0.0, 1.0, 0.0, 0.0, 0.0, 0.0, 1.0, 1.0, 0.0, 0.0, 0.0, 0.0, 1.0],