{"loss": 0.22417418658733368, "_timestamp": 1660488556.5280359, "_runtime": 134.51588892936707, "_step": 399, "gradients/fc4.bias": {"_type": "histogram", "values": [1.0, 0.0, 0.0, 0.0, 0.0, 0.0, 0.0, 0.0, 0.0, 0.0, 0.0, 0.0, 0.0, 0.0, 0.0, 0.0, 0.0, 0.0, 0.0, 0.0, 0.0, 0.0, 0.0, 0.0, 0.0, 0.0, 0.0, 0.0, 0.0, 0.0, 0.0, 0.0, 0.0, 0.0, 0.0, 0.0, 0.0, 0.0, 0.0, 0.0, 0.0, 0.0, 0.0, 0.0, 0.0, 0.0, 0.0, 0.0, 0.0, 0.0, 0.0, 0.0, 0.0, 0.0, 0.0, 0.0, 0.0, 0.0, 0.0, 0.0, 0.0, 0.0, 0.0, 1.0], "bins": [-0.19524618983268738, -0.18914474546909332, -0.18304330110549927, -0.1769418567419052, -0.17084041237831116, -0.1647389680147171, -0.15863752365112305, -0.15253609418869019, -0.14643463492393494, -0.14033319056034088, -0.13423174619674683, -0.12813030183315277, -0.12202885746955872, -0.11592741310596466, -0.1098259761929512, -0.10372453182935715, -0.09762309491634369, -0.09152165055274963, -0.08542020618915558, -0.07931876182556152, -0.07321731746196747, -0.06711587309837341, -0.061014436185359955, -0.0549129918217659, -0.04881155490875244, -0.042710110545158386, -0.03660866618156433, -0.030507225543260574, -0.02440578117966652, -0.018304336816072464, -0.012202896177768707, -0.006101451814174652, 0.0, 0.0061014434322714806, 0.012202886864542961, 0.018304329365491867, 0.024405773729085922, 0.030507218092679977, 0.036608658730983734, 0.04271010309457779, 0.04881155490875244, 0.0549129992723465, 0.06101444363594055, 0.0671158879995346, 0.07321733236312866, 0.07931877672672272, 0.08542021363973618, 0.09152165800333023, 0.09762309491634369, 0.10372453927993774, 0.1098259836435318, 0.11592742800712585, 0.12202887237071991, 0.12813031673431396, 0.13423174619674683, 0.14033320546150208, 0.14643463492393494, 0.152536079287529, 0.15863752365112305, 0.1647389680147171, 0.17084041237831116, 0.1769418567419052, 0.18304330110549927, 0.18914473056793213, 0.19524618983268738]}, "gradients/fc4.weight": {"_type": "histogram", "values": [1.0, 0.0, 1.0, 0.0, 0.0, 2.0, 0.0, 1.0, 0.0, 0.0, 0.0, 0.0, 1.0, 3.0, 2.0, 3.0, 2.0, 1.0, 0.0, 1.0, 2.0, 2.0, 1.0, 1.0, 4.0, 1.0, 3.0, 3.0, 3.0, 0.0, 5.0, 7.0, 35.0, 5.0, 0.0, 3.0, 3.0, 3.0, 1.0, 4.0, 1.0, 1.0, 2.0, 2.0, 1.0, 0.0, 1.0, 2.0, 3.0, 2.0, 3.0, 1.0, 0.0, 0.0, 0.0, 0.0, 1.0, 0.0, 2.0, 0.0, 0.0, 1.0, 0.0, 1.0], "bins": [-0.026540815830230713, -0.025711415335536003, -0.024882014840841293, -0.024052614346146584, -0.023223213851451874, -0.022393813356757164, -0.021564412862062454, -0.020735012367367744, -0.019905611872673035, -0.019076211377978325, -0.018246810883283615, -0.017417410388588905, -0.016588009893894196, -0.015758609399199486, -0.014929208904504776, -0.014099808409810066, -0.013270407915115356, -0.012441007420420647, -0.011611606925725937, -0.010782206431031227, -0.009952805936336517, -0.009123405441641808, -0.008294004946947098, -0.007464604452252388, -0.006635203957557678, -0.0058058034628629684, -0.004976402968168259, -0.004147002473473549, -0.003317601978778839, -0.0024882014840841293, -0.0016588009893894196, -0.0008294004946947098, 0.0, 0.0008294004946947098, 0.0016588009893894196, 0.0024882014840841293, 0.003317601978778839, 0.004147002473473549, 0.004976402968168259, 0.0058058034628629684, 0.006635203957557678, 0.007464604452252388, 0.008294004946947098, 0.009123405441641808, 0.009952805936336517, 0.010782206431031227, 0.011611606925725937, 0.012441007420420647, 0.013270407915115356, 0.014099808409810066, 0.014929208904504776, 0.015758609399199486, 0.016588009893894196, 0.017417410388588905, 0.018246810883283615, 0.019076211377978325, 0.019905611872673035, 0.020735012367367744, 0.021564412862062454, 0.022393813356757164, 0.023223213851451874, 0.024052614346146584, 0.024882014840841293, 0.025711415335536003, 0.026540815830230713]}, "gradients/fc3.bias": {"_type": "histogram", "values": [1.0, 0.0, 0.0, 0.0, 0.0, 0.0, 0.0, 0.0, 0.0, 0.0, 0.0, 0.0, 0.0, 0.0, 0.0, 0.0, 0.0, 0.0, 0.0, 2.0, 2.0, 0.0, 0.0, 1.0, 1.0, 0.0, 1.0, 0.0, 0.0, 0.0, 0.0, 1.0, 0.0, 0.0, 0.0, 0.0, 1.0, 2.0, 0.0, 0.0, 3.0, 2.0, 0.0, 7.0, 22.0, 8.0, 2.0, 3.0, 0.0, 0.0, 1.0, 0.0, 1.0, 0.0, 0.0, 0.0, 0.0, 1.0, 0.0, 0.0, 1.0, 0.0, 0.0, 1.0], "bins": [-0.11990343034267426, -0.11722610145807266, -0.11454877257347107, -0.11187144368886948, -0.10919411480426788, -0.10651678591966629, -0.1038394570350647, -0.1011621356010437, -0.09848479926586151, -0.09580747038125992, -0.09313014149665833, -0.09045281261205673, -0.08777548372745514, -0.08509815484285355, -0.08242082595825195, -0.07974350452423096, -0.07706617563962936, -0.07438884675502777, -0.07171151787042618, -0.06903418898582458, -0.06635686010122299, -0.0636795312166214, -0.061002206057310104, -0.05832487717270851, -0.05564755201339722, -0.052970223128795624, -0.05029289424419403, -0.04761556535959244, -0.044938236474990845, -0.04226090759038925, -0.03958358243107796, -0.036906253546476364, -0.03422892093658447, -0.03155159205198288, -0.028874263167381287, -0.026196936145424843, -0.02351960726082325, -0.020842278376221657, -0.018164951354265213, -0.01548762246966362, -0.012810289859771729, -0.010132960975170135, -0.007455633021891117, -0.004778305068612099, -0.0021009761840105057, 0.0005763527005910873, 0.003253679722547531, 0.005931008607149124, 0.008608333766460419, 0.011285662651062012, 0.01396299060434103, 0.01664031855762005, 0.01931764744222164, 0.021994976326823235, 0.02467230334877968, 0.02734963223338127, 0.030026961117982864, 0.03270429000258446, 0.03538161888718605, 0.038058944046497345, 0.04073627293109894, 0.04341360181570053, 0.046090930700302124, 0.04876825958490372, 0.05144558846950531]}, "gradients/fc3.weight": {"_type": "histogram", "values": [1.0, 0.0, 0.0, 0.0, 0.0, 0.0, 1.0, 1.0, 0.0, 1.0, 1.0, 0.0, 0.0, 3.0, 0.0, 2.0, 1.0, 4.0, 7.0, 8.0, 9.0, 20.0, 24.0, 33.0, 55.0, 69.0, 7611.0, 136.0, 64.0, 36.0, 22.0, 22.0, 14.0, 15.0, 7.0, 9.0, 2.0, 2.0, 1.0, 2.0, 0.0, 1.0, 2.0, 1.0, 0.0, 0.0, 2.0, 2.0, 0.0, 0.0, 0.0, 0.0, 0.0, 0.0, 0.0, 0.0, 0.0, 0.0, 0.0, 0.0, 0.0, 0.0, 0.0, 1.0], "bins": [-0.055712226778268814, -0.05363094434142113, -0.05154965817928314, -0.049468375742435455, -0.04738709330558777, -0.04530581086874008, -0.0432245247066021, -0.04114324226975441, -0.039061956107616425, -0.03698067367076874, -0.03489938750863075, -0.032818105071783066, -0.03073682263493538, -0.028655538335442543, -0.026574254035949707, -0.02449297159910202, -0.022411689162254333, -0.020330404862761497, -0.01824912242591381, -0.016167838126420975, -0.014086554758250713, -0.012005271390080452, -0.009923987090587616, -0.007842703722417355, -0.005761418491601944, -0.003680134890601039, -0.001598851289600134, 0.0004824325442314148, 0.002563715912401676, 0.0046449992805719376, 0.0067262835800647736, 0.008807566948235035, 0.010888852179050446, 0.012970135547220707, 0.015051418915390968, 0.017132703214883804, 0.01921398565173149, 0.021295269951224327, 0.023376554250717163, 0.02545783668756485, 0.027539119124412537, 0.029620403423905373, 0.03170168772339821, 0.033782970160245895, 0.03586425259709358, 0.03794553875923157, 0.040026821196079254, 0.04210810363292694, 0.044189389795064926, 0.04627067223191261, 0.0483519583940506, 0.050433240830898285, 0.05251452326774597, 0.05459580570459366, 0.056677091866731644, 0.05875837430357933, 0.060839660465717316, 0.062920942902565, 0.06500222533941269, 0.06708350777626038, 0.06916479766368866, 0.07124608010053635, 0.07332736253738403, 0.07540864497423172, 0.0774899274110794]}, "gradients/fc2.bias": {"_type": "histogram", "values": [1.0, 0.0, 0.0, 0.0, 0.0, 0.0, 0.0, 0.0, 1.0, 0.0, 0.0, 0.0, 1.0, 0.0, 0.0, 0.0, 0.0, 0.0, 0.0, 0.0, 0.0, 0.0, 1.0, 0.0, 0.0, 1.0, 0.0, 0.0, 0.0, 0.0, 109.0, 1.0, 0.0, 0.0, 0.0, 2.0, 1.0, 1.0, 0.0, 0.0, 0.0, 0.0, 0.0, 0.0, 2.0, 1.0, 1.0, 2.0, 0.0, 0.0, 0.0, 0.0, 0.0, 0.0, 0.0, 1.0, 1.0, 0.0, 0.0, 0.0, 0.0, 0.0, 0.0, 1.0],