{"loss": 0.2377278357744217, "_timestamp": 1660291045.4772334, "_runtime": 25.606855392456055, "_step": 399, "gradients/fc4.bias": {"_type": "histogram", "values": [1.0, 0.0, 0.0, 0.0, 0.0, 0.0, 0.0, 0.0, 0.0, 0.0, 0.0, 0.0, 0.0, 0.0, 0.0, 0.0, 0.0, 0.0, 0.0, 0.0, 0.0, 0.0, 0.0, 0.0, 0.0, 0.0, 0.0, 0.0, 0.0, 0.0, 0.0, 0.0, 0.0, 0.0, 0.0, 0.0, 0.0, 0.0, 0.0, 0.0, 0.0, 0.0, 0.0, 0.0, 0.0, 0.0, 0.0, 0.0, 0.0, 0.0, 0.0, 0.0, 0.0, 0.0, 0.0, 0.0, 0.0, 0.0, 0.0, 0.0, 0.0, 0.0, 0.0, 1.0], "bins": [-0.23125484585762024, -0.22402812540531158, -0.21680141985416412, -0.20957469940185547, -0.202347993850708, -0.19512127339839935, -0.1878945529460907, -0.18066784739494324, -0.17344114184379578, -0.16621442139148712, -0.15898771584033966, -0.151760995388031, -0.14453428983688354, -0.1373075693845749, -0.13008084893226624, -0.12285414338111877, -0.11562742292881012, -0.10840070992708206, -0.101173996925354, -0.09394727647304535, -0.08672057092189789, -0.07949385046958923, -0.07226713746786118, -0.06504042446613312, -0.05781370401382446, -0.050586991012096405, -0.04336027801036835, -0.03613356128334999, -0.028906848281621933, -0.021680135279893875, -0.014453418552875519, -0.007226705551147461, 0.0, 0.0072267139330506325, 0.014453427866101265, 0.021680142730474472, 0.02890685573220253, 0.03613356873393059, 0.043360285460948944, 0.050586998462677, 0.05781370401382446, 0.06504041701555252, 0.07226713001728058, 0.07949385046958923, 0.0867205560207367, 0.09394727647304535, 0.10117398947477341, 0.10840070247650146, 0.11562742292881012, 0.12285413593053818, 0.13008084893226624, 0.1373075693845749, 0.14453427493572235, 0.151760995388031, 0.15898770093917847, 0.16621442139148712, 0.17344114184379578, 0.18066786229610443, 0.1878945678472519, 0.19512128829956055, 0.202347993850708, 0.20957471430301666, 0.21680143475532532, 0.22402814030647278, 0.23125484585762024]}, "gradients/fc4.weight": {"_type": "histogram", "values": [1.0, 0.0, 0.0, 0.0, 1.0, 0.0, 0.0, 0.0, 0.0, 0.0, 0.0, 0.0, 0.0, 1.0, 0.0, 0.0, 2.0, 0.0, 1.0, 0.0, 0.0, 1.0, 0.0, 0.0, 0.0, 0.0, 0.0, 0.0, 2.0, 2.0, 1.0, 14.0, 90.0, 1.0, 2.0, 2.0, 0.0, 0.0, 0.0, 0.0, 0.0, 0.0, 1.0, 0.0, 0.0, 1.0, 0.0, 2.0, 0.0, 0.0, 1.0, 0.0, 0.0, 0.0, 0.0, 0.0, 0.0, 0.0, 0.0, 1.0, 0.0, 0.0, 0.0, 1.0], "bins": [-0.14778806269168854, -0.14316968619823456, -0.13855130970478058, -0.1339329332113266, -0.12931455671787262, -0.12469618022441864, -0.12007780373096466, -0.11545942723751068, -0.1108410507440567, -0.10622267425060272, -0.10160429775714874, -0.09698592126369476, -0.09236754477024078, -0.0877491682767868, -0.08313079178333282, -0.07851241528987885, -0.07389403134584427, -0.06927565485239029, -0.06465727835893631, -0.06003890186548233, -0.05542052537202835, -0.05080214887857437, -0.04618376865983009, -0.041565392166376114, -0.036947011947631836, -0.032328635454177856, -0.027710258960723877, -0.023091880604624748, -0.01847350411117077, -0.01385512761771679, -0.00923674926161766, -0.004618372768163681, 0.0, 0.004618376959115267, 0.009236753918230534, 0.013855131343007088, 0.018473507836461067, 0.023091884329915047, 0.027710262686014175, 0.032328639179468155, 0.036947011947631836, 0.041565388441085815, 0.046183764934539795, 0.050802141427993774, 0.055420517921447754, 0.06003889441490173, 0.06465727090835571, 0.06927564740180969, 0.07389403134584427, 0.07851240783929825, 0.08313078433275223, 0.08774916082620621, 0.09236753731966019, 0.09698591381311417, 0.10160429775714874, 0.10622267425060272, 0.1108410507440567, 0.11545942723751068, 0.12007780373096466, 0.12469618022441864, 0.12931455671787262, 0.1339329332113266, 0.13855130970478058, 0.14316968619823456, 0.14778806269168854]}, "gradients/fc3.bias": {"_type": "histogram", "values": [1.0, 0.0, 0.0, 0.0, 0.0, 0.0, 0.0, 0.0, 0.0, 0.0, 0.0, 0.0, 0.0, 0.0, 0.0, 0.0, 0.0, 0.0, 1.0, 0.0, 0.0, 0.0, 0.0, 0.0, 0.0, 0.0, 0.0, 0.0, 1.0, 0.0, 0.0, 0.0, 0.0, 0.0, 0.0, 1.0, 0.0, 0.0, 0.0, 0.0, 0.0, 0.0, 0.0, 0.0, 1.0, 0.0, 1.0, 0.0, 1.0, 0.0, 0.0, 1.0, 0.0, 1.0, 3.0, 41.0, 2.0, 2.0, 0.0, 2.0, 1.0, 2.0, 1.0, 1.0], "bins": [-0.043818093836307526, -0.04302797093987465, -0.04223784804344177, -0.041447725147008896, -0.04065759852528572, -0.039867475628852844, -0.03907735273241997, -0.03828722983598709, -0.037497106939554214, -0.03670698404312134, -0.03591686114668846, -0.035126738250255585, -0.03433661162853241, -0.03354648873209953, -0.032756365835666656, -0.03196624293923378, -0.031176120042800903, -0.030385997146368027, -0.02959587238729, -0.028805749490857124, -0.028015626594424248, -0.027225501835346222, -0.026435378938913345, -0.02564525604248047, -0.024855131283402443, -0.024065008386969566, -0.02327488362789154, -0.022484760731458664, -0.021694637835025787, -0.02090451493859291, -0.020114390179514885, -0.01932426728308201, -0.01853414624929428, -0.017744023352861404, -0.01695389859378338, -0.016163775697350502, -0.015373652800917625, -0.014583528973162174, -0.013793405145406723, -0.013003282248973846, -0.012213158421218395, -0.011423034593462944, -0.010632911697030067, -0.009842787869274616, -0.00905266497284174, -0.008262541145086288, -0.0074724177829921246, -0.006682294420897961, -0.0058921705931425095, -0.0051020472310483456, -0.004311923868954182, -0.003521800274029374, -0.0027316769119352102, -0.0019415533170104027, -0.0011514299549162388, -0.0003613065928220749, 0.000428816769272089, 0.001218940131366253, 0.002009063493460417, 0.0027991870883852243, 0.0035893104504793882, 0.004379434045404196, 0.00516955740749836, 0.005959680769592524, 0.0067498041316866875]}, "gradients/fc3.weight": {"_type": "histogram", "values": [1.0, 0.0, 0.0, 0.0, 0.0, 0.0, 0.0, 0.0, 0.0, 0.0, 0.0, 0.0, 0.0, 0.0, 0.0, 0.0, 1.0, 0.0, 0.0, 3.0, 0.0, 0.0, 1.0, 0.0, 0.0, 1.0, 1.0, 0.0, 0.0, 1.0, 1.0, 1.0, 2.0, 0.0, 2.0, 2.0, 1.0, 2.0, 1.0, 3.0, 4.0, 5.0, 5.0, 5.0, 3.0, 6.0, 5.0, 4.0, 8.0, 8.0, 4.0, 7.0, 11.0, 9.0, 22.0, 29.0, 91.0, 7818.0, 77.0, 25.0, 11.0, 6.0, 2.0, 3.0], "bins": [-0.16690494120121002, -0.16399335861206055, -0.16108176112174988, -0.1581701785326004, -0.15525859594345093, -0.15234701335430145, -0.14943541586399078, -0.1465238332748413, -0.14361225068569183, -0.14070066809654236, -0.1377890706062317, -0.13487748801708221, -0.13196590542793274, -0.12905432283878326, -0.1261427253484726, -0.12323114275932312, -0.12031956017017365, -0.11740797013044357, -0.1144963875412941, -0.11158479750156403, -0.10867321491241455, -0.10576162487268448, -0.102850042283535, -0.09993845224380493, -0.09702686220407486, -0.09411527216434479, -0.09120368957519531, -0.08829209953546524, -0.08538051694631577, -0.0824689269065857, -0.07955734431743622, -0.07664575427770615, -0.07373417168855667, -0.0708225816488266, -0.06791099905967712, -0.06499940901994705, -0.06208782643079758, -0.0591762401163578, -0.05626465380191803, -0.05335306376218796, -0.05044148117303848, -0.04752989485859871, -0.044618308544158936, -0.04170672222971916, -0.03879513591527939, -0.035883549600839615, -0.03297196328639984, -0.03006037510931492, -0.027148786932229996, -0.024237200617790222, -0.02132561430335045, -0.018414027988910675, -0.015502440743148327, -0.012590854428708553, -0.009679267182946205, -0.006767680868506432, -0.003856094554066658, -0.0009445080067962408, 0.0019670785404741764, 0.004878665320575237, 0.007790251635015011, 0.010701837949454784, 0.013613425195217133, 0.016525011509656906, 0.01943659782409668]}, "gradients/fc2.bias": {"_type": "histogram", "values": [1.0, 0.0, 0.0, 0.0, 0.0, 0.0, 0.0, 0.0, 0.0, 0.0, 0.0, 0.0, 0.0, 0.0, 0.0, 0.0, 0.0, 1.0, 0.0, 0.0, 0.0, 0.0, 0.0, 0.0, 0.0, 2.0, 1.0, 0.0, 0.0, 1.0, 0.0, 0.0, 1.0, 1.0, 1.0, 0.0, 1.0, 0.0, 0.0, 2.0, 1.0, 1.0, 1.0, 1.0, 1.0, 1.0, 90.0, 2.0, 3.0, 2.0, 2.0, 1.0, 3.0, 1.0, 0.0, 0.0, 2.0, 1.0, 1.0, 0.0, 0.0, 1.0, 0.0, 1.0],