{"loss": 0.2252773940563202, "_timestamp": 1660489064.9726746, "_runtime": 161.07551956176758, "_step": 399, "gradients/fc4.bias": {"_type": "histogram", "values": [1.0, 0.0, 0.0, 0.0, 0.0, 0.0, 0.0, 0.0, 0.0, 0.0, 0.0, 0.0, 0.0, 0.0, 0.0, 0.0, 0.0, 0.0, 0.0, 0.0, 0.0, 0.0, 0.0, 0.0, 0.0, 0.0, 0.0, 0.0, 0.0, 0.0, 0.0, 0.0, 0.0, 0.0, 0.0, 0.0, 0.0, 0.0, 0.0, 0.0, 0.0, 0.0, 0.0, 0.0, 0.0, 0.0, 0.0, 0.0, 0.0, 0.0, 0.0, 0.0, 0.0, 0.0, 0.0, 0.0, 0.0, 0.0, 0.0, 0.0, 0.0, 0.0, 0.0, 1.0], "bins": [-0.1982993185520172, -0.19210246205329895, -0.1859056055545807, -0.17970874905586243, -0.17351190745830536, -0.1673150509595871, -0.16111819446086884, -0.15492133796215057, -0.1487244963645935, -0.14252763986587524, -0.13633078336715698, -0.13013392686843872, -0.12393708527088165, -0.11774022877216339, -0.11154337227344513, -0.10534651577472687, -0.0991496592760086, -0.09295280277729034, -0.08675595372915268, -0.08055909723043442, -0.07436224818229675, -0.06816539168357849, -0.06196853518486023, -0.055771682411432266, -0.049574822187423706, -0.04337796941399574, -0.03718111664056778, -0.030984260141849518, -0.024787407368421555, -0.01859055459499359, -0.01239369809627533, -0.006196845322847366, 0.0, 0.006196853704750538, 0.012393707409501076, 0.018590562045574188, 0.02478741481900215, 0.030984267592430115, 0.037181124091148376, 0.04337797686457634, 0.049574822187423706, 0.05577167496085167, 0.06196852773427963, 0.0681653842329979, 0.07436223328113556, 0.08055908977985382, 0.08675594627857208, 0.09295280277729034, 0.0991496592760086, 0.10534651577472687, 0.11154336482286453, 0.1177402213215828, 0.12393707036972046, 0.13013392686843872, 0.13633078336715698, 0.14252763986587524, 0.1487244963645935, 0.15492135286331177, 0.16111820936203003, 0.1673150658607483, 0.17351190745830536, 0.17970876395702362, 0.18590562045574188, 0.19210247695446014, 0.1982993185520172]}, "gradients/fc4.weight": {"_type": "histogram", "values": [1.0, 0.0, 0.0, 0.0, 1.0, 0.0, 1.0, 0.0, 0.0, 0.0, 0.0, 1.0, 1.0, 1.0, 0.0, 1.0, 2.0, 2.0, 1.0, 0.0, 0.0, 0.0, 2.0, 1.0, 6.0, 4.0, 4.0, 3.0, 5.0, 4.0, 3.0, 10.0, 30.0, 3.0, 4.0, 5.0, 3.0, 4.0, 4.0, 6.0, 1.0, 2.0, 0.0, 0.0, 0.0, 1.0, 2.0, 2.0, 1.0, 0.0, 1.0, 1.0, 1.0, 0.0, 0.0, 0.0, 0.0, 1.0, 0.0, 1.0, 0.0, 0.0, 0.0, 1.0], "bins": [-0.039944838732481, -0.03869656100869179, -0.03744828701019287, -0.036200009286403656, -0.03495173528790474, -0.033703457564115524, -0.03245518356561661, -0.031206905841827393, -0.029958628118038177, -0.02871035225689411, -0.027462076395750046, -0.02621379867196083, -0.024965522810816765, -0.0237172469496727, -0.022468971088528633, -0.021220695227384567, -0.0199724193662405, -0.018724143505096436, -0.01747586764395237, -0.016227591782808304, -0.014979314059019089, -0.013731038197875023, -0.012482762336730957, -0.011234485544264317, -0.009986210614442825, -0.00873793475329876, -0.007489657960832119, -0.006241382099688053, -0.0049931057728827, -0.003744829446077347, -0.002496553584933281, -0.0012482767924666405, 0.0, 0.0012482762103900313, 0.0024965524207800627, 0.003744828514754772, 0.004993104841560125, 0.0062413811683654785, 0.007489657029509544, 0.008737933821976185, 0.009986210614442825, 0.011234486475586891, 0.012482763268053532, 0.013731039129197598, 0.014979315921664238, 0.016227591782808304, 0.01747586764395237, 0.018724143505096436, 0.0199724193662405, 0.021220695227384567, 0.022468971088528633, 0.0237172469496727, 0.024965524673461914, 0.02621380053460598, 0.027462076395750046, 0.02871035411953926, 0.029958628118038177, 0.031206903979182243, 0.03245517984032631, 0.033703457564115524, 0.03495173156261444, 0.036200009286403656, 0.03744828701019287, 0.03869656100869179, 0.039944838732481]}, "gradients/fc3.bias": {"_type": "histogram", "values": [1.0, 0.0, 0.0, 0.0, 0.0, 0.0, 0.0, 0.0, 0.0, 0.0, 1.0, 0.0, 1.0, 1.0, 1.0, 0.0, 0.0, 1.0, 0.0, 0.0, 0.0, 1.0, 1.0, 0.0, 0.0, 4.0, 0.0, 0.0, 1.0, 0.0, 0.0, 0.0, 2.0, 0.0, 0.0, 2.0, 0.0, 1.0, 2.0, 1.0, 0.0, 2.0, 2.0, 18.0, 4.0, 5.0, 4.0, 2.0, 1.0, 1.0, 0.0, 0.0, 0.0, 0.0, 1.0, 0.0, 0.0, 1.0, 0.0, 1.0, 0.0, 0.0, 0.0, 1.0], "bins": [-0.0785016417503357, -0.07671065628528595, -0.0749196708202362, -0.07312869280576706, -0.07133770734071732, -0.06954672187566757, -0.06775573641061783, -0.06596475094556808, -0.06417377293109894, -0.062382787466049194, -0.06059180572628975, -0.058800820261240005, -0.05700983852148056, -0.05521885305643082, -0.05342786759138107, -0.05163688212633133, -0.049845896661281586, -0.04805491119623184, -0.0462639294564724, -0.04447294399142265, -0.04268196225166321, -0.040890976786613464, -0.03909999132156372, -0.03730900585651398, -0.03551802411675453, -0.03372703865170479, -0.03193605691194534, -0.0301450714468956, -0.028354087844491005, -0.02656310424208641, -0.024772118777036667, -0.022981135174632072, -0.021190151572227478, -0.019399167969822884, -0.01760818436741829, -0.015817198902368546, -0.014026215299963951, -0.012235231697559357, -0.010444247163832188, -0.008653262630105019, -0.006862279027700424, -0.0050712949596345425, -0.0032803108915686607, -0.001489326823502779, 0.0003016572445631027, 0.002092640846967697, 0.003883625380694866, 0.005674609914422035, 0.00746559351682663, 0.009256577119231224, 0.011047561652958393, 0.012838546186685562, 0.014629529789090157, 0.01642051339149475, 0.018211498856544495, 0.02000248245894909, 0.021793466061353683, 0.023584449663758278, 0.025375433266162872, 0.027166418731212616, 0.02895740233361721, 0.030748385936021805, 0.03253937140107155, 0.034330353140830994, 0.03612133860588074]}, "gradients/fc3.weight": {"_type": "histogram", "values": [1.0, 0.0, 0.0, 0.0, 0.0, 0.0, 1.0, 1.0, 0.0, 1.0, 0.0, 2.0, 3.0, 3.0, 0.0, 1.0, 4.0, 1.0, 2.0, 2.0, 4.0, 0.0, 3.0, 4.0, 2.0, 2.0, 5.0, 5.0, 7.0, 10.0, 12.0, 13.0, 12.0, 15.0, 19.0, 25.0, 46.0, 45.0, 81.0, 7127.0, 247.0, 122.0, 78.0, 61.0, 40.0, 40.0, 26.0, 27.0, 18.0, 16.0, 13.0, 7.0, 6.0, 6.0, 7.0, 5.0, 2.0, 3.0, 3.0, 1.0, 2.0, 1.0, 1.0, 1.0], "bins": [-0.029985230416059494, -0.02923349291086197, -0.028481753543019295, -0.02773001603782177, -0.026978278532624245, -0.02622654102742672, -0.025474801659584045, -0.02472306415438652, -0.023971326649188995, -0.02321958914399147, -0.022467849776148796, -0.02171611227095127, -0.020964374765753746, -0.02021263726055622, -0.019460897892713547, -0.01870916038751602, -0.017957422882318497, -0.01720568537712097, -0.016453946009278297, -0.015702208504080772, -0.014950470998883247, -0.014198732562363148, -0.013446994125843048, -0.012695256620645523, -0.011943517252802849, -0.01119177881628275, -0.010440041311085224, -0.009688302874565125, -0.0089365653693676, -0.0081848269328475, -0.0074330889619886875, -0.006681350991129875, -0.00592961348593235, -0.005177875515073538, -0.0044261375442147255, -0.0036743993405252695, -0.002922661369666457, -0.002170923398807645, -0.0014191851951181889, -0.0006674472242593765, 8.42902809381485e-05, 0.0008360283100046217, 0.001587766339071095, 0.002339504426345229, 0.0030912423972040415, 0.003842980368062854, 0.00459471857175231, 0.005346456542611122, 0.006098194979131222, 0.006849932949990034, 0.0076016709208488464, 0.008353409357368946, 0.009105146862566471, 0.00985688529908657, 0.010608622804284096, 0.011360361240804195, 0.012112099677324295, 0.012863838113844395, 0.01361557561904192, 0.01436731405556202, 0.015119051560759544, 0.01587078906595707, 0.016622528433799744, 0.01737426593899727, 0.018126003444194794]}, "gradients/fc2.bias": {"_type": "histogram", "values": [1.0, 0.0, 0.0, 0.0, 0.0, 0.0, 0.0, 0.0, 0.0, 0.0, 0.0, 0.0, 0.0, 0.0, 1.0, 0.0, 0.0, 0.0, 1.0, 2.0, 1.0, 0.0, 2.0, 1.0, 0.0, 1.0, 1.0, 1.0, 2.0, 0.0, 0.0, 0.0, 2.0, 0.0, 2.0, 2.0, 2.0, 92.0, 1.0, 1.0, 3.0, 0.0, 2.0, 1.0, 0.0, 1.0, 1.0, 1.0, 0.0, 1.0, 0.0, 0.0, 0.0, 0.0, 0.0, 0.0, 0.0, 0.0, 0.0, 0.0, 0.0, 1.0, 0.0, 1.0],