{"loss": 0.2251421958208084, "_timestamp": 1660488871.9707513, "_runtime": 275.9825472831726, "_step": 366, "gradients/fc4.bias": {"_type": "histogram", "values": [1.0, 0.0, 0.0, 0.0, 0.0, 0.0, 0.0, 0.0, 0.0, 0.0, 0.0, 0.0, 0.0, 0.0, 0.0, 0.0, 0.0, 0.0, 0.0, 0.0, 0.0, 0.0, 0.0, 0.0, 0.0, 0.0, 0.0, 0.0, 0.0, 0.0, 0.0, 0.0, 0.0, 0.0, 0.0, 0.0, 0.0, 0.0, 0.0, 0.0, 0.0, 0.0, 0.0, 0.0, 0.0, 0.0, 0.0, 0.0, 0.0, 0.0, 0.0, 0.0, 0.0, 0.0, 0.0, 0.0, 0.0, 0.0, 0.0, 0.0, 0.0, 0.0, 0.0, 1.0], "bins": [-0.232880100607872, -0.22560259699821472, -0.21832509338855743, -0.21104758977890015, -0.20377008616924286, -0.19649258255958557, -0.18921507894992828, -0.181937575340271, -0.1746600717306137, -0.16738256812095642, -0.16010506451129913, -0.15282756090164185, -0.14555005729198456, -0.13827255368232727, -0.13099505007266998, -0.1237175464630127, -0.116440050303936, -0.10916254669427872, -0.10188504308462143, -0.09460753947496414, -0.08733003586530685, -0.08005253970623016, -0.07277503609657288, -0.06549753248691559, -0.0582200288772583, -0.05094252526760101, -0.043665021657943726, -0.03638751804828644, -0.0291100163012743, -0.02183251455426216, -0.014555010944604874, -0.007277507334947586, 0.0, 0.007277503143996, 0.014555006287992, 0.021832508966326714, 0.029110012575984, 0.03638751432299614, 0.04366501793265343, 0.050942521542310715, 0.0582200288772583, 0.06549753248691559, 0.07277503609657288, 0.08005253970623016, 0.08733004331588745, 0.09460754692554474, 0.10188505053520203, 0.10916255414485931, 0.116440050303936, 0.12371755391359329, 0.13099505007266998, 0.13827255368232727, 0.14555005729198456, 0.15282756090164185, 0.16010506451129913, 0.16738256812095642, 0.1746600717306137, 0.181937575340271, 0.18921507894992828, 0.19649258255958557, 0.20377008616924286, 0.21104758977890015, 0.21832509338855743, 0.22560259699821472, 0.232880100607872]}, "gradients/fc4.weight": {"_type": "histogram", "values": [1.0, 1.0, 0.0, 0.0, 0.0, 0.0, 0.0, 0.0, 0.0, 0.0, 0.0, 0.0, 0.0, 1.0, 0.0, 0.0, 0.0, 0.0, 0.0, 1.0, 0.0, 0.0, 0.0, 0.0, 0.0, 3.0, 1.0, 1.0, 2.0, 3.0, 5.0, 13.0, 77.0, 5.0, 3.0, 2.0, 1.0, 1.0, 3.0, 0.0, 0.0, 0.0, 0.0, 0.0, 1.0, 0.0, 0.0, 0.0, 0.0, 0.0, 1.0, 0.0, 0.0, 0.0, 0.0, 0.0, 0.0, 0.0, 0.0, 0.0, 0.0, 0.0, 1.0, 1.0], "bins": [-0.11415360122919083, -0.11058630049228668, -0.10701899975538254, -0.1034516990184784, -0.09988439828157425, -0.0963170975446701, -0.09274980425834656, -0.08918250352144241, -0.08561520278453827, -0.08204790204763412, -0.07848060131072998, -0.07491330057382584, -0.07134599983692169, -0.06777870655059814, -0.0642113983631134, -0.060644105076789856, -0.05707680061459541, -0.05350949987769127, -0.049942199140787125, -0.04637490212917328, -0.042807601392269135, -0.03924030065536499, -0.035672999918460846, -0.0321056991815567, -0.028538398444652557, -0.024971097707748413, -0.021403798833489418, -0.017836498096585274, -0.014269198291003704, -0.010701898485422134, -0.00713459774851799, -0.003567298874258995, 0.0, 0.0035673000384122133, 0.007134600076824427, 0.010701900348067284, 0.014269200153648853, 0.017836499959230423, 0.021403800696134567, 0.024971099570393562, 0.028538398444652557, 0.0321056991815567, 0.035672999918460846, 0.03924030065536499, 0.042807597666978836, 0.04637489840388298, 0.049942199140787125, 0.05350949615240097, 0.05707680061459541, 0.06064410135149956, 0.0642113983631134, 0.06777869910001755, 0.07134599983692169, 0.07491330057382584, 0.07848060131072998, 0.08204790204763412, 0.08561520278453827, 0.08918250352144241, 0.09274980425834656, 0.0963171049952507, 0.09988440573215485, 0.1034516990184784, 0.10701900720596313, 0.11058630049228668, 0.11415360122919083]}, "gradients/fc3.bias": {"_type": "histogram", "values": [2.0, 0.0, 0.0, 0.0, 0.0, 0.0, 0.0, 1.0, 0.0, 0.0, 0.0, 0.0, 0.0, 0.0, 0.0, 0.0, 0.0, 1.0, 1.0, 0.0, 0.0, 0.0, 0.0, 0.0, 1.0, 0.0, 0.0, 0.0, 0.0, 0.0, 1.0, 3.0, 2.0, 1.0, 0.0, 1.0, 1.0, 4.0, 37.0, 2.0, 3.0, 0.0, 0.0, 1.0, 0.0, 0.0, 0.0, 0.0, 0.0, 0.0, 0.0, 0.0, 0.0, 0.0, 1.0, 0.0, 0.0, 0.0, 0.0, 0.0, 0.0, 0.0, 0.0, 1.0], "bins": [-0.01330697350203991, -0.012960614636540413, -0.012614255771040916, -0.01226789690554142, -0.011921538040041924, -0.011575179174542427, -0.01122882030904293, -0.010882461443543434, -0.010536102578043938, -0.010189743712544441, -0.009843384847044945, -0.009497025981545448, -0.009150667116045952, -0.008804308250546455, -0.008457949385046959, -0.008111590519547462, -0.007765231188386679, -0.007418872322887182, -0.007072513457387686, -0.006726154591888189, -0.006379795726388693, -0.006033436860889196, -0.005687077529728413, -0.005340718664228916, -0.00499435979872942, -0.004648000933229923, -0.004301642067730427, -0.00395528320223093, -0.003608924336731434, -0.0032625654712319374, -0.0029162063729017973, -0.002569847507402301, -0.002223488874733448, -0.0018771300092339516, -0.0015307711437344551, -0.0011844121618196368, -0.0008380532963201404, -0.0004916944308206439, -0.00014533544890582561, 0.00020102341659367085, 0.0005473820492625237, 0.0008937409147620201, 0.0012400997802615166, 0.0015864587621763349, 0.0019328176276758313, 0.002279176376760006, 0.002625535475090146, 0.0029718943405896425, 0.0033182534389197826, 0.003664612304419279, 0.0040109711699187756, 0.004357330035418272, 0.0047036889009177685, 0.005050047766417265, 0.005396407097578049, 0.005742765963077545, 0.006089124828577042, 0.006435483694076538, 0.0067818425595760345, 0.007128201425075531, 0.0074745602905750275, 0.007820919156074524, 0.00816727802157402, 0.008513636887073517, 0.008859995752573013]}, "gradients/fc3.weight": {"_type": "histogram", "values": [1.0, 0.0, 0.0, 0.0, 0.0, 0.0, 0.0, 1.0, 0.0, 0.0, 0.0, 0.0, 0.0, 0.0, 0.0, 0.0, 0.0, 0.0, 0.0, 0.0, 0.0, 0.0, 1.0, 0.0, 0.0, 0.0, 0.0, 0.0, 0.0, 0.0, 0.0, 0.0, 0.0, 0.0, 0.0, 0.0, 1.0, 0.0, 0.0, 1.0, 0.0, 2.0, 1.0, 1.0, 1.0, 1.0, 2.0, 1.0, 1.0, 1.0, 1.0, 2.0, 8.0, 8.0, 12.0, 26.0, 112.0, 7949.0, 34.0, 13.0, 2.0, 3.0, 2.0, 4.0], "bins": [-0.21250730752944946, -0.20878970623016357, -0.20507210493087769, -0.201354518532753, -0.1976369172334671, -0.1939193159341812, -0.19020171463489532, -0.18648412823677063, -0.18276652693748474, -0.17904892563819885, -0.17533132433891296, -0.17161373794078827, -0.16789613664150238, -0.1641785353422165, -0.1604609340429306, -0.1567433476448059, -0.15302574634552002, -0.14930814504623413, -0.14559054374694824, -0.14187295734882355, -0.13815535604953766, -0.13443775475025177, -0.13072015345096588, -0.1270025670528412, -0.1232849508523941, -0.11956734955310822, -0.11584975570440292, -0.11213215440511703, -0.10841456055641174, -0.10469695925712585, -0.10097935795783997, -0.09726176410913467, -0.09354416280984879, -0.0898265615105629, -0.0861089676618576, -0.08239136636257172, -0.07867377251386642, -0.07495617121458054, -0.07123857736587524, -0.06752097606658936, -0.06380338221788406, -0.060085784643888474, -0.05636818706989288, -0.052650585770606995, -0.0489329919219017, -0.045215390622615814, -0.041497793048620224, -0.037780195474624634, -0.034062594175338745, -0.030344996601343155, -0.026627399027347565, -0.022909799590706825, -0.019192202016711235, -0.015474604442715645, -0.011757005006074905, -0.008039407432079315, -0.004321811720728874, -0.0006042136810719967, 0.003113384358584881, 0.006830982863903046, 0.010548580437898636, 0.014266178011894226, 0.017983777448534966, 0.021701375022530556, 0.025418972596526146]}, "gradients/fc2.bias": {"_type": "histogram", "values": [1.0, 0.0, 0.0, 0.0, 0.0, 0.0, 0.0, 2.0, 1.0, 1.0, 0.0, 1.0, 2.0, 0.0, 0.0, 0.0, 0.0, 0.0, 1.0, 2.0, 3.0, 2.0, 1.0, 3.0, 90.0, 3.0, 4.0, 3.0, 0.0, 1.0, 2.0, 1.0, 0.0, 0.0, 1.0, 0.0, 0.0, 0.0, 0.0, 0.0, 0.0, 1.0, 0.0, 0.0, 0.0, 0.0, 0.0, 0.0, 0.0, 0.0, 0.0, 0.0, 0.0, 0.0, 0.0, 0.0, 1.0, 0.0, 0.0, 0.0, 0.0, 0.0, 0.0, 1.0],