{"loss": 0.22924380004405975, "_timestamp": 1660488913.1225407, "_runtime": 226.44311571121216, "_step": 399, "gradients/fc4.bias": {"_type": "histogram", "values": [1.0, 0.0, 0.0, 0.0, 0.0, 0.0, 0.0, 0.0, 0.0, 0.0, 0.0, 0.0, 0.0, 0.0, 0.0, 0.0, 0.0, 0.0, 0.0, 0.0, 0.0, 0.0, 0.0, 0.0, 0.0, 0.0, 0.0, 0.0, 0.0, 0.0, 0.0, 0.0, 0.0, 0.0, 0.0, 0.0, 0.0, 0.0, 0.0, 0.0, 0.0, 0.0, 0.0, 0.0, 0.0, 0.0, 0.0, 0.0, 0.0, 0.0, 0.0, 0.0, 0.0, 0.0, 0.0, 0.0, 0.0, 0.0, 0.0, 0.0, 0.0, 0.0, 0.0, 1.0], "bins": [-0.21078038215637207, -0.20419350266456604, -0.19760660827159882, -0.1910197138786316, -0.18443283438682556, -0.17784595489501953, -0.1712590605020523, -0.16467216610908508, -0.15808528661727905, -0.15149840712547302, -0.1449115127325058, -0.13832461833953857, -0.13173773884773254, -0.1251508593559265, -0.11856396496295929, -0.11197707802057266, -0.10539019107818604, -0.09880330413579941, -0.09221641719341278, -0.08562953025102615, -0.07904264330863953, -0.0724557563662529, -0.06586886942386627, -0.059281982481479645, -0.05269509553909302, -0.04610820859670639, -0.03952132165431976, -0.032934434711933136, -0.02634754776954651, -0.01976066082715988, -0.013173773884773254, -0.006586886942386627, 0.0, 0.006586886942386627, 0.013173773884773254, 0.01976066082715988, 0.02634754776954651, 0.032934434711933136, 0.03952132165431976, 0.04610820859670639, 0.05269509553909302, 0.059281982481479645, 0.06586886942386627, 0.0724557563662529, 0.07904264330863953, 0.08562953025102615, 0.09221641719341278, 0.09880330413579941, 0.10539019107818604, 0.11197707802057266, 0.11856396496295929, 0.1251508593559265, 0.13173773884773254, 0.13832461833953857, 0.1449115127325058, 0.15149840712547302, 0.15808528661727905, 0.16467216610908508, 0.1712590605020523, 0.17784595489501953, 0.18443283438682556, 0.1910197138786316, 0.19760660827159882, 0.20419350266456604, 0.21078038215637207]}, "gradients/fc4.weight": {"_type": "histogram", "values": [1.0, 0.0, 0.0, 0.0, 0.0, 1.0, 0.0, 0.0, 0.0, 0.0, 1.0, 0.0, 0.0, 0.0, 1.0, 3.0, 1.0, 0.0, 0.0, 0.0, 1.0, 1.0, 1.0, 0.0, 2.0, 1.0, 2.0, 3.0, 2.0, 5.0, 6.0, 18.0, 46.0, 6.0, 5.0, 2.0, 3.0, 2.0, 1.0, 2.0, 0.0, 1.0, 1.0, 1.0, 0.0, 0.0, 0.0, 1.0, 3.0, 1.0, 0.0, 0.0, 0.0, 1.0, 0.0, 0.0, 0.0, 0.0, 1.0, 0.0, 0.0, 0.0, 0.0, 1.0], "bins": [-0.060034096240997314, -0.0581580325961113, -0.05628196522593498, -0.05440589785575867, -0.05252983421087265, -0.05065377056598663, -0.04877770319581032, -0.046901635825634, -0.045025572180747986, -0.04314950853586197, -0.041273441165685654, -0.03939737379550934, -0.03752131015062332, -0.035645246505737305, -0.03376917913556099, -0.031893111765384674, -0.030017048120498657, -0.02814098261296749, -0.026264917105436325, -0.02438885159790516, -0.022512786090373993, -0.020636720582842827, -0.01876065507531166, -0.016884589567780495, -0.015008524060249329, -0.013132458552718163, -0.011256393045186996, -0.00938032753765583, -0.007504262030124664, -0.005628196522593498, -0.003752131015062332, -0.001876065507531166, 0.0, 0.001876065507531166, 0.003752131015062332, 0.005628196522593498, 0.007504262030124664, 0.00938032753765583, 0.011256393045186996, 0.013132458552718163, 0.015008524060249329, 0.016884589567780495, 0.01876065507531166, 0.020636720582842827, 0.022512786090373993, 0.02438885159790516, 0.026264917105436325, 0.02814098261296749, 0.030017048120498657, 0.031893111765384674, 0.03376917913556099, 0.035645246505737305, 0.03752131015062332, 0.03939737379550934, 0.041273441165685654, 0.04314950853586197, 0.045025572180747986, 0.046901635825634, 0.04877770319581032, 0.05065377056598663, 0.05252983421087265, 0.05440589785575867, 0.05628196522593498, 0.0581580325961113, 0.060034096240997314]}, "gradients/fc3.bias": {"_type": "histogram", "values": [1.0, 1.0, 1.0, 1.0, 0.0, 1.0, 0.0, 0.0, 0.0, 0.0, 0.0, 0.0, 0.0, 0.0, 1.0, 0.0, 0.0, 0.0, 0.0, 0.0, 0.0, 0.0, 1.0, 1.0, 0.0, 0.0, 0.0, 1.0, 1.0, 0.0, 0.0, 1.0, 3.0, 3.0, 4.0, 2.0, 16.0, 8.0, 2.0, 2.0, 0.0, 2.0, 2.0, 2.0, 2.0, 0.0, 0.0, 0.0, 0.0, 0.0, 0.0, 1.0, 0.0, 1.0, 0.0, 0.0, 0.0, 0.0, 0.0, 0.0, 1.0, 0.0, 0.0, 2.0], "bins": [-0.05079898610711098, -0.049425870180130005, -0.048052750527858734, -0.04667963460087776, -0.04530651494860649, -0.04393339902162552, -0.04256027936935425, -0.041187163442373276, -0.0398140475153923, -0.03844093158841133, -0.03706781193614006, -0.03569469600915909, -0.03432157635688782, -0.032948460429906845, -0.03157534450292587, -0.030202224850654602, -0.02882910519838333, -0.02745598740875721, -0.026082869619131088, -0.024709753692150116, -0.023336634039878845, -0.021963518112897873, -0.02059040032327175, -0.01921728253364563, -0.017844166606664658, -0.016471048817038536, -0.015097931027412415, -0.013724814169108868, -0.012351696379482746, -0.010978578589856625, -0.009605461731553078, -0.008232343941926956, -0.006859228014945984, -0.005486110225319862, -0.004112992901355028, -0.002739875577390194, -0.0013667577877640724, 6.360001862049103e-06, 0.001379476860165596, 0.0027525946497917175, 0.004125714302062988, 0.00549883209168911, 0.006871949415653944, 0.008245066739618778, 0.0096181845292449, 0.010991302318871021, 0.012364419177174568, 0.01373753696680069, 0.015110652893781662, 0.016483770683407784, 0.017856888473033905, 0.019230004400014877, 0.020603124052286148, 0.02197623997926712, 0.023349357768893242, 0.024722475558519363, 0.026095593348145485, 0.027468711137771606, 0.028841828927397728, 0.03021494671702385, 0.03158806264400482, 0.03296118229627609, 0.034334298223257065, 0.03570741415023804, 0.03708053380250931]}, "gradients/fc3.weight": {"_type": "histogram", "values": [1.0, 0.0, 1.0, 1.0, 0.0, 1.0, 1.0, 1.0, 1.0, 0.0, 2.0, 2.0, 1.0, 3.0, 2.0, 1.0, 3.0, 4.0, 3.0, 4.0, 4.0, 6.0, 11.0, 6.0, 9.0, 16.0, 15.0, 14.0, 27.0, 32.0, 37.0, 67.0, 73.0, 131.0, 219.0, 6235.0, 692.0, 211.0, 114.0, 79.0, 64.0, 29.0, 19.0, 15.0, 11.0, 4.0, 4.0, 4.0, 2.0, 3.0, 2.0, 1.0, 0.0, 1.0, 1.0, 0.0, 0.0, 1.0, 0.0, 0.0, 0.0, 0.0, 0.0, 1.0], "bins": [-0.04454531893134117, -0.043305039405822754, -0.04206475615501404, -0.04082447662949562, -0.039584193378686905, -0.03834391385316849, -0.03710363060235977, -0.035863351076841354, -0.03462307155132294, -0.03338279202580452, -0.032142508774995804, -0.030902227386832237, -0.02966194599866867, -0.028421666473150253, -0.027181385084986687, -0.02594110369682312, -0.024700820446014404, -0.023460539057850838, -0.02222025766968727, -0.020979976281523705, -0.019739694893360138, -0.01849941536784172, -0.017259133979678154, -0.016018852591514587, -0.01477857120335102, -0.013538289815187454, -0.012298008427023888, -0.011057727970182896, -0.009817446582019329, -0.008577165193855762, -0.007336884271353483, -0.006096603348851204, -0.004856325685977936, -0.003616044530645013, -0.00237576337531209, -0.001135482219979167, 0.00010479893535375595, 0.0013450803235173225, 0.002585361246019602, 0.003825642168521881, 0.005065923556685448, 0.006306204944849014, 0.0075464858673512936, 0.008786766789853573, 0.01002704817801714, 0.011267329566180706, 0.012507610023021698, 0.013747891411185265, 0.014988172799348831, 0.016228454187512398, 0.017468735575675964, 0.01870901696383953, 0.019949298352003098, 0.021189577877521515, 0.02242985926568508, 0.023670140653848648, 0.024910422042012215, 0.02615070343017578, 0.027390984818339348, 0.028631266206502914, 0.029871545732021332, 0.031111828982830048, 0.032352108508348465, 0.03359238803386688, 0.0348326712846756]}, "gradients/fc2.bias": {"_type": "histogram", "values": [3.0, 0.0, 0.0, 0.0, 0.0, 0.0, 1.0, 1.0, 0.0, 1.0, 0.0, 1.0, 2.0, 0.0, 0.0, 1.0, 0.0, 0.0, 1.0, 1.0, 0.0, 1.0, 4.0, 0.0, 3.0, 0.0, 0.0, 1.0, 1.0, 3.0, 4.0, 1.0, 1.0, 2.0, 0.0, 3.0, 3.0, 4.0, 4.0, 4.0, 41.0, 2.0, 1.0, 3.0, 3.0, 1.0, 0.0, 6.0, 3.0, 1.0, 0.0, 1.0, 3.0, 1.0, 2.0, 0.0, 1.0, 0.0, 0.0, 1.0, 1.0, 2.0, 1.0, 3.0],