{"loss": 0.2297179400920868, "_timestamp": 1660488913.1615226, "_runtime": 226.21109652519226, "_step": 399, "gradients/fc4.bias": {"_type": "histogram", "values": [1.0, 0.0, 0.0, 0.0, 0.0, 0.0, 0.0, 0.0, 0.0, 0.0, 0.0, 0.0, 0.0, 0.0, 0.0, 0.0, 0.0, 0.0, 0.0, 0.0, 0.0, 0.0, 0.0, 0.0, 0.0, 0.0, 0.0, 0.0, 0.0, 0.0, 0.0, 0.0, 0.0, 0.0, 0.0, 0.0, 0.0, 0.0, 0.0, 0.0, 0.0, 0.0, 0.0, 0.0, 0.0, 0.0, 0.0, 0.0, 0.0, 0.0, 0.0, 0.0, 0.0, 0.0, 0.0, 0.0, 0.0, 0.0, 0.0, 0.0, 0.0, 0.0, 0.0, 1.0], "bins": [-0.20186465978622437, -0.1955563873052597, -0.18924811482429504, -0.18293984234333038, -0.17663156986236572, -0.17032331228256226, -0.1640150398015976, -0.15770676732063293, -0.15139849483966827, -0.1450902223587036, -0.13878194987773895, -0.1324736773967743, -0.12616541981697083, -0.11985713988542557, -0.1135488748550415, -0.10724060237407684, -0.10093232989311218, -0.09462405741214752, -0.08831578493118286, -0.0820075199007988, -0.07569924741983414, -0.06939097493886948, -0.06308270990848541, -0.05677443742752075, -0.05046616494655609, -0.04415789246559143, -0.03784962370991707, -0.031541354954242706, -0.025233082473278046, -0.018924809992313385, -0.012616541236639023, -0.006308272480964661, 0.0, 0.006308270618319511, 0.012616541236639023, 0.018924811854958534, 0.025233082473278046, 0.031541354954242706, 0.03784962370991707, 0.04415789246559143, 0.05046616494655609, 0.05677443742752075, 0.06308270990848541, 0.06939097493886948, 0.07569924741983414, 0.0820075199007988, 0.08831578493118286, 0.09462405741214752, 0.10093232989311218, 0.10724060237407684, 0.1135488748550415, 0.11985713988542557, 0.12616541981697083, 0.1324736773967743, 0.13878194987773895, 0.1450902223587036, 0.15139849483966827, 0.15770676732063293, 0.1640150398015976, 0.17032331228256226, 0.17663156986236572, 0.18293985724449158, 0.18924811482429504, 0.1955563873052597, 0.20186465978622437]}, "gradients/fc4.weight": {"_type": "histogram", "values": [1.0, 0.0, 0.0, 0.0, 0.0, 1.0, 0.0, 0.0, 1.0, 0.0, 0.0, 0.0, 0.0, 0.0, 0.0, 0.0, 1.0, 0.0, 1.0, 1.0, 1.0, 2.0, 3.0, 2.0, 1.0, 7.0, 4.0, 3.0, 1.0, 3.0, 4.0, 9.0, 45.0, 4.0, 3.0, 1.0, 3.0, 4.0, 7.0, 1.0, 2.0, 3.0, 2.0, 1.0, 1.0, 1.0, 0.0, 1.0, 0.0, 0.0, 0.0, 0.0, 0.0, 0.0, 0.0, 1.0, 0.0, 0.0, 1.0, 0.0, 0.0, 0.0, 0.0, 1.0], "bins": [-0.04576227068901062, -0.044332198798656464, -0.04290212690830231, -0.04147205874323845, -0.04004198685288429, -0.038611914962530136, -0.03718184679746628, -0.03575177490711212, -0.034321703016757965, -0.03289163112640381, -0.03146155923604965, -0.030031491070985794, -0.028601419180631638, -0.02717134729027748, -0.025741277262568474, -0.024311207234859467, -0.02288113534450531, -0.021451063454151154, -0.020020993426442146, -0.01859092339873314, -0.017160851508378983, -0.015730779618024826, -0.014300709590315819, -0.012870638631284237, -0.011440567672252655, -0.010010496713221073, -0.008580425754189491, -0.007150354795157909, -0.0057202838361263275, -0.004290212877094746, -0.0028601419180631638, -0.0014300709590315819, 0.0, 0.0014300709590315819, 0.0028601419180631638, 0.004290212877094746, 0.0057202838361263275, 0.007150354795157909, 0.008580425754189491, 0.010010496713221073, 0.011440567672252655, 0.012870638631284237, 0.014300709590315819, 0.015730779618024826, 0.017160851508378983, 0.01859092339873314, 0.020020993426442146, 0.021451063454151154, 0.02288113534450531, 0.024311207234859467, 0.025741277262568474, 0.02717134729027748, 0.028601419180631638, 0.030031491070985794, 0.03146155923604965, 0.03289163112640381, 0.034321703016757965, 0.03575177490711212, 0.03718184679746628, 0.038611914962530136, 0.04004198685288429, 0.04147205874323845, 0.04290212690830231, 0.044332198798656464, 0.04576227068901062]}, "gradients/fc3.bias": {"_type": "histogram", "values": [1.0, 0.0, 0.0, 0.0, 0.0, 0.0, 0.0, 0.0, 0.0, 1.0, 0.0, 0.0, 0.0, 0.0, 0.0, 0.0, 0.0, 0.0, 0.0, 1.0, 0.0, 1.0, 0.0, 1.0, 1.0, 0.0, 2.0, 0.0, 0.0, 1.0, 1.0, 0.0, 1.0, 0.0, 1.0, 0.0, 0.0, 1.0, 1.0, 0.0, 3.0, 2.0, 3.0, 23.0, 4.0, 4.0, 1.0, 3.0, 1.0, 3.0, 0.0, 0.0, 0.0, 1.0, 0.0, 0.0, 0.0, 0.0, 1.0, 0.0, 0.0, 0.0, 0.0, 1.0], "bins": [-0.09558361768722534, -0.09340072423219681, -0.09121783822774887, -0.08903494477272034, -0.0868520587682724, -0.08466916531324387, -0.08248627930879593, -0.0803033858537674, -0.07812049984931946, -0.07593760639429092, -0.07375472038984299, -0.07157182693481445, -0.06938894093036652, -0.06720604747533798, -0.06502316147089005, -0.06284026801586151, -0.06065737456083298, -0.05847448483109474, -0.056291595101356506, -0.05410870537161827, -0.051925815641880035, -0.0497429221868515, -0.047560032457113266, -0.04537714272737503, -0.043194252997636795, -0.04101136326789856, -0.038828473538160324, -0.03664558380842209, -0.034462690353393555, -0.03227980434894562, -0.030096910893917084, -0.02791402116417885, -0.025731131434440613, -0.023548241704702377, -0.021365351974964142, -0.019182460382580757, -0.01699957065284252, -0.014816680923104286, -0.012633790262043476, -0.010450899600982666, -0.00826800987124443, -0.006085119675844908, -0.003902229480445385, -0.0017193392850458622, 0.0004635509103536606, 0.002646440640091896, 0.004829331301152706, 0.007012221962213516, 0.009195111691951752, 0.011378001421689987, 0.013560892082750797, 0.015743782743811607, 0.017926672473549843, 0.02010956220328808, 0.022292453795671463, 0.0244753435254097, 0.026658233255147934, 0.02884112298488617, 0.031024012714624405, 0.03320690244436264, 0.035389795899391174, 0.03757268190383911, 0.039755575358867645, 0.04193846508860588, 0.044121354818344116]}, "gradients/fc3.weight": {"_type": "histogram", "values": [1.0, 0.0, 0.0, 0.0, 0.0, 0.0, 0.0, 1.0, 0.0, 0.0, 1.0, 0.0, 2.0, 0.0, 2.0, 0.0, 5.0, 3.0, 0.0, 3.0, 5.0, 3.0, 2.0, 11.0, 6.0, 12.0, 9.0, 13.0, 21.0, 24.0, 25.0, 38.0, 48.0, 79.0, 7415.0, 94.0, 79.0, 53.0, 50.0, 28.0, 28.0, 30.0, 19.0, 14.0, 10.0, 5.0, 15.0, 5.0, 7.0, 4.0, 4.0, 3.0, 3.0, 4.0, 1.0, 0.0, 1.0, 2.0, 2.0, 0.0, 1.0, 0.0, 0.0, 1.0], "bins": [-0.03535222262144089, -0.03432394191622734, -0.033295661211013794, -0.03226738050580025, -0.03123910166323185, -0.030210820958018303, -0.029182540252804756, -0.02815425954759121, -0.027125980705022812, -0.026097699999809265, -0.02506941929459572, -0.02404113858938217, -0.023012859746813774, -0.021984579041600227, -0.02095629833638668, -0.019928017631173134, -0.018899736925959587, -0.01787145622074604, -0.016843175515532494, -0.015814896672964096, -0.01478661596775055, -0.013758335262537003, -0.012730054557323456, -0.011701773852109909, -0.010673493146896362, -0.009645212441682816, -0.008616932667791843, -0.007588651962578297, -0.006560371723026037, -0.005532091483473778, -0.004503810778260231, -0.0034755305387079716, -0.002447253093123436, -0.0014189727371558547, -0.00039069238118827343, 0.0006375880911946297, 0.0016658683307468891, 0.0026941485702991486, 0.0037224292755126953, 0.004750709515064955, 0.00577898882329464, 0.006807269062846899, 0.007835549302399158, 0.008863830007612705, 0.009892109781503677, 0.010920390486717224, 0.011948671191930771, 0.012976951897144318, 0.014005232602357864, 0.015033513307571411, 0.016061794012784958, 0.017090074717998505, 0.018118353560566902, 0.01914663426578045, 0.020174914970993996, 0.021203195676207542, 0.02223147451877594, 0.023259755223989487, 0.024288035929203033, 0.02531631663441658, 0.026344595476984978, 0.027372876182198524, 0.02840115688741207, 0.029429437592625618, 0.030457718297839165]}, "gradients/fc2.bias": {"_type": "histogram", "values": [1.0, 0.0, 0.0, 0.0, 0.0, 1.0, 0.0, 0.0, 0.0, 0.0, 0.0, 0.0, 0.0, 1.0, 0.0, 0.0, 0.0, 1.0, 1.0, 2.0, 0.0, 0.0, 0.0, 0.0, 1.0, 0.0, 0.0, 0.0, 0.0, 0.0, 1.0, 0.0, 0.0, 3.0, 1.0, 3.0, 96.0, 1.0, 1.0, 2.0, 1.0, 0.0, 1.0, 0.0, 1.0, 1.0, 1.0, 0.0, 1.0, 2.0, 0.0, 0.0, 0.0, 0.0, 1.0, 1.0, 0.0, 0.0, 0.0, 0.0, 0.0, 0.0, 0.0, 2.0],